codigo_postal,tipo,nombre
43881,centro_salud,CUNIT
43420,centro_salud,SANTA COLOMA DE QUERALT
43427,centro_salud,CONESA
43427,centro_salud,SAVALLÓ DEL COMTAT
43427,centro_salud,VALLFOGONA DE RIUCORB
43449,centro_salud,ELS OMELLS DE NA GAIA
43814,centro_salud,VILA-RODONA
43815,centro_salud,PLA DE MANLLEU
43815,centro_salud,LES POBLES
43815,centro_salud,SANTES CREUS
43813,centro_salud,ALIÓ
43812,centro_salud,BRÀFIM
43811,centro_salud,CABRA DEL CAMP
43811,centro_salud,FIGUEROLA DEL CAMP
43718,centro_salud,MASLLORENÇ
43812,centro_salud,MONTFERRI
43718,centro_salud,EL MONTMELL
43887,centro_salud,NULLES
43810,centro_salud,EL PLA DE SANTA MARIA
43817,centro_salud,EL PONT D'ARMENTERA
43812,centro_salud,PUIGPELAT
43816,centro_salud,QUEROL
43886,centro_salud,RENAU
43812,centro_salud,RODONYÀ
43886,centro_salud,VILABELLA
43800,centro_salud,DOCTOR SARRÓ ROSET
43143,centro_salud,LA MASÓ
43144,centro_salud,VALLMOLL
43491,centro_salud,PICAMOIXONS - VALLS
43350,centro_salud,LES BORGES DEL CAMP
43479,centro_salud,L' ALBIOL
43381,centro_salud,L'ALEIXAR
43365,centro_salud,ALFORJA
43365,centro_salud,ARBOLÍ
43382,centro_salud,MASPUJOLS
43390,centro_salud,RIUDECOLS
43380,centro_salud,VILAPLANA
43300,centro_salud,MONT-ROIG DEL CAMP
43892,centro_salud,MIAMI PLATJA
43320,centro_salud,PRATDIP
43311,centro_salud,ARBOCET
43311,centro_salud,VILANOVA D'ESCORNALBOU
43202,centro_salud,SANT PERE DE REUS
43203,centro_salud,LLIBERTAT
43392,centro_salud,CASTELLVELL DEL CAMP
43206,centro_salud,BARRI GAUDÍ
43204,centro_salud,HORTS DE MIRÓ
43204,centro_salud,SANT JOSEP OBRER
43400,centro_salud,MONTBLANC
43422,centro_salud,BARBERÀ DE LA CONCA
43411,centro_salud,BLANCAFORT
43310,centro_salud,COLLDEJOU
43440,centro_salud,L'ESPLUGA DE FRANCOLÍ
43425,centro_salud,FORÈS
43413,centro_salud,BELLTALL
43425,centro_salud,PASSANANT
43428,centro_salud,PILES
43423,centro_salud,PIRA
43426,centro_salud,ROCAFORT DE QUERALT
43424,centro_salud,SARRAL
43449,centro_salud,SENAN
43412,centro_salud,SOLIVELLA
43439,centro_salud,VALLCLARA
43439,centro_salud,VILANOVA DE PRADES
43430,centro_salud,VIMBODÍ
43120,centro_salud,CONSTANTÍ
43760,centro_salud,EL MORELL
43153,centro_salud,ELS GARIDELLS
43152,centro_salud,PERAFORT
43155,centro_salud,PUIGDELFÍ
43140,centro_salud,LA POBLA DE MAFUMET
43142,centro_salud,EL ROURELL
43765,centro_salud,VISTABELLA
43765,centro_salud,L'ARGILAGA
43154,centro_salud,LES GUNYOLES
43141,centro_salud,VILALLONGA DEL CAMP
43110,centro_salud,LA CANONJA
43100,centro_salud,BONAVISTA
43006,centro_salud,TORREFORTA-LA GRANJA
43005,centro_salud,JAUME I
43005,centro_salud,RAMBLA NOVA
43007,centro_salud,SANT PERE I SANT PAU
43007,centro_salud,NOU TÀRRACO
43130,centro_salud,SANT SALVADOR
43151,centro_salud,ELS PALLARESOS
43840,centro_salud,SALOU
43360,centro_salud,CORNUDELLA
43364,centro_salud,CAPAFONTS
43364,centro_salud,FEBRÓ
43376,centro_salud,POBOLEDA
43364,centro_salud,PRADES
43363,centro_salud,ULLDEMOLINS
43730,centro_salud,FALSET
43738,centro_salud,BELLMUNT DEL PRIORAT
43373,centro_salud,CABACÉS
43776,centro_salud,CAPÇANES
43736,centro_salud,LA FIGUERA
43737,centro_salud,GRATALLOPS
43777,centro_salud,ELS GUIAMETS
43737,centro_salud,EL LLOAR
43775,centro_salud,MARÇÀ
43736,centro_salud,EL MASROIG
43736,centro_salud,EL MOLAR
43739,centro_salud,PORRERA
43774,centro_salud,PRADELL DE LA TEIXETA
43774,centro_salud,LA TORRE DE FONTAUBELLA
43737,centro_salud,TORROJA DEL PRIORAT
43375,centro_salud,LA VILELLA ALTA
43374,centro_salud,LA VILELLA BAIXA
43750,centro_salud,FLIX
43791,centro_salud,ASCÓ
43372,centro_salud,LA BISBAL DE FALSET
43371,centro_salud,MARGALEF
43370,centro_salud,LA PALMA D'EBRE
43790,centro_salud,RIBA-ROJA D'EBRE
43792,centro_salud,TORRE DE L'ESPANYOL
43792,centro_salud,VINEBRE
43740,centro_salud,MÓRA D'EBRE
43770,centro_salud,MÓRA LA NOVA
43747,centro_salud,BENISSANET
43749,centro_salud,GARCIA
43748,centro_salud,GINESTAR
43747,centro_salud,MIRAVET
43513,centro_salud,RASQUERA
43746,centro_salud,DARMÓS
43746,centro_salud,LA SERRA D'ALMÓS
43746,centro_salud,TIVISSA
43786,centro_salud,BATEA
43780,centro_salud,GANDESA
43596,centro_salud,HORTA DE SANT JOAN
43597,centro_salud,ARNES
43785,centro_salud,BOT
43787,centro_salud,CASERES
43784,centro_salud,CORBERA D'EBRE
43781,centro_salud,LA FATARELLA
43594,centro_salud,EL PINELL DE BRAI
43783,centro_salud,LA POBLA DE MASSALUCA
43595,centro_salud,PRAT DE COMTE
43782,centro_salud,VILALBA DELS ARCS
43580,centro_salud,DELTEBRE
43877,centro_salud,SANT JAUME D'ENVEJA
43879,centro_salud,ELS MUNTELLS
43860,centro_salud,L'AMETLLA DE MAR
43519,centro_salud,EL PERELLÓ
43500,centro_salud,EL TEMPLE - TORTOSA EST
43510,centro_salud,BÍTEM
43897,centro_salud,CAMP-REDÓ
43511,centro_salud,TIVENYS
43517,centro_salud,VINALLOP
43520,centro_salud,ROQUETES
43500,centro_salud,BAIX EBRE
43592,centro_salud,XERTA
43591,centro_salud,ALDOVER
43528,centro_salud,ALFARA DE CARLES
43512,centro_salud,BENIFALLET
43514,centro_salud,MAS DE BARBERANS
43593,centro_salud,PAÜLS
43529,centro_salud,EL RAVAL DE CRIST
43500,centro_salud,JESÚS
43527,centro_salud,ELS REGUERS
43896,centro_salud,L'ALDEA
43895,centro_salud,L'AMPOLLA
43894,centro_salud,ELS LIGALLOS
43894,centro_salud,CAMARLES
43870,centro_salud,AMPOSTA
43570,centro_salud,SANTA BÀRBARA
43558,centro_salud,FREGINALS
43515,centro_salud,LA GALERA
43516,centro_salud,GODALL
43878,centro_salud,MASDENVERGE
43530,centro_salud,ALCANAR
43540,centro_salud,SANT CARLES DE LA RÀPITA
43530,centro_salud,LES CASES D'ALCANAR
43549,centro_salud,EL POBLE NOU DEL DELTA
43560,centro_salud,LA SÉNIA
43550,centro_salud,ULLDECONA
43550,centro_salud,EL CASTELL
43559,centro_salud,SANT JOAN DEL PAS
43550,centro_salud,ELS VALENTINS
43550,centro_salud,LES VENTALLES
03010,centro_salud,ALACANT / ALICANTE - CAMPOAMOR
03007,centro_salud,ALACANT / ALICANTE - BABEL
03008,centro_salud,ALACANT / ALICANTE - SAN GABRIEL
03008,centro_salud,ALACANT / ALICANTE - URBANOVA (verano)
03008,centro_salud,CIUDAD DE LA LUZ
03007,centro_salud,ALACANT / ALICANTE - BENALÚA
03007,centro_salud,ALACANT / ALICANTE - FLORIDA
03113,centro_salud,ALACANT / ALICANTE - REBOLLEDO
03005,centro_salud,ALACANT / ALICANTE - SAN BLAS
03009,centro_salud,ALACANT / ALICANTE - LOS ÁNGELES
03010,centro_salud,ALACANT / ALICANTE - PARQUE LO MORANT
03011,centro_salud,ALACANT / ALICANTE - CIUDAD JARDÍN
03112,centro_salud,ALACANT / ALICANTE - VILLAFRANQUEZA
03698,centro_salud,AGOST
03670,centro_salud,MONFORTE DEL CID
03690,centro_salud,SAN VICENTE DEL RASPEIG II
03690,centro_salud,SAN VICENTE DEL RASPEIG I
03699,centro_salud,ALACANT / ALICANTE - LA CAÑADA
03690,centro_salud,SAN VICENTE DEL RASPEIG - COLEGIO SANTA ISABEL
03801,centro_salud,ALCOI / ALCOY - PLAÇA DE DINS
03801,centro_salud,LA ZONA ALTA DE ALCOI / ALCOY
03802,centro_salud,ALCOI / ALCOY - BATOY
03802,centro_salud,ALCOI / ALCOY - LA FÁBRICA
03804,centro_salud,ALCOI / ALCOY - LA BASSA
03450,centro_salud,BANYERES DE MARIOLA
03810,centro_salud,BENILLOBA
03814,centro_salud,ALCOLEJA
03812,centro_salud,BALONES
03814,centro_salud,BENASAU
03816,centro_salud,BENIFALLIM
03812,centro_salud,BENIMASSOT
03813,centro_salud,FACHECA
03813,centro_salud,FAMORCA
03811,centro_salud,GORGA
03812,centro_salud,MILLENA
03815,centro_salud,PENÀGUILA
03811,centro_salud,QUATRETONDETA
03813,centro_salud,TOLLOS
03420,centro_salud,CASTALLA
03820,centro_salud,COCENTAINA
03440,centro_salud,IBI
03440,centro_salud,C.S.I. DE IBI II
03830,centro_salud,MURO DE ALCOY
03837,centro_salud,AGRES
03841,centro_salud,ALCOCER DE PLANES
03838,centro_salud,ALFAFARA
03827,centro_salud,ALMUDAINA
03829,centro_salud,L'ALQUERIA D'ASNAR
03850,centro_salud,BENIARRÉS
03827,centro_salud,BENILLUP
03827,centro_salud,BENIMARFULL
03840,centro_salud,GAIANES
03860,centro_salud,LORCHA/ORXA (L')
03828,centro_salud,PLANES  - BENIALFAQUÍ
03828,centro_salud,PLANES - CATAMARRUCH
03828,centro_salud,PLANES - MARGARIDA
03828,centro_salud,PLANES
03788,centro_salud,LA VALL D'ALCALA - BENIAYA
03788,centro_salud,LA VALL D'ALCALÀ
03430,centro_salud,ONIL
03001,centro_salud,ALACANT / ALICANTE C/ GERONA
03002,centro_salud,ALACANT / ALICANTE - SANTA FAZ
03013,centro_salud,ALACANT / ALICANTE - HOSPITAL PROVINCIAL - PLÁ
03015,centro_salud,ALACANT / ALICANTE - GARBINET
03015,centro_salud,ALACANT / ALICANTE - JUAN XXIII
03540,centro_salud,ALACANT / ALICANTE - CABO HUERTAS
03540,centro_salud,ALACANT / ALICANTE - PLAYA DE SANT JOAN D'ALACANT
03016,centro_salud,ALACANT / ALICANTE - ALBUFERETA
03016,centro_salud,ALACANT / ALICANTE - VISTAHERMOSA
03569,centro_salud,AIGÜES
03560,centro_salud,C.S.I. EL CAMPELLO
03560,centro_salud,EL CAMPELLO - PLAYA DE MUCHAVISTA
03560,centro_salud,ELS POBLETS COVETA FUMA
03100,centro_salud,JIJONA/XIXONA
03109,centro_salud,TIBI
03108,centro_salud,LA TORRE DE LES MAÇANES / TORREMANZANAS
03110,centro_salud,MUTXAMEL
03111,centro_salud,BUSOT
03110,centro_salud,MUTXAMEL - LA HUERTA
03550,centro_salud,SANT JOAN D´ALACANT
03410,centro_salud,BIAR
03460,centro_salud,BENEJAMA
03469,centro_salud,EL CAMP DE MIRRA / CAMPO DE MIRRA
03409,centro_salud,CAÑADA
03600,centro_salud,ELDA - MARINA ESPAÑOLA
03600,centro_salud,ELDA - AVDA. SAX
03600,centro_salud,ELDA - ACACIAS
03600,centro_salud,VIRGEN DE LA CABEZA
03640,centro_salud,MONÓVAR/MONÒVER
03640,centro_salud,MONÒVER / MONÓVAR - CASES DEL SENYOR
03660,centro_salud,C.S.I. NOVELDA
03669,centro_salud,LA ROMANA - L'ALGAYAT
03669,centro_salud,LA ROMANA
03610,centro_salud,PETRER I
03610,centro_salud,PETRER II
03650,centro_salud,PINÓS (EL)/PINOSO
03668,centro_salud,ALGUEÑA
03630,centro_salud,SAX
03638,centro_salud,SALINAS
03400,centro_salud,VILLENA II
03400,centro_salud,VILLENA I
03408,centro_salud,VILLENA - LA ENCINA
03680,centro_salud,ASPE
03688,centro_salud,HONDÓN DE LAS NIEVES - LA CANALOSA
03688,centro_salud,HONDÓN DE LAS NIEVES
03689,centro_salud,HONDÓN DE LOS FRAILES
03689,centro_salud,ORIHUELA - BARBARROJA
03330,centro_salud,C.S.I. CREVILLENT
03339,centro_salud,CREVILLENT - EL REALENGO
03158,centro_salud,CREVILLENT - SAN FELIPE NERI
03205,centro_salud,ELX / ELCHE -  EL TOSCAR
03206,centro_salud,ELX / ELCHE - CARRÚS
03201,centro_salud,ELX / ELCHE - DOCTOR SAPENA
03201,centro_salud,ELX / ELCHE - DOCTOR ALBERTO GARCÍA
03293,centro_salud,EL PLÁ - VINALOPO
03203,centro_salud,ELX / ELCHE - EL RAVAL
03292,centro_salud,ELX / ELCHE LES BAIES
03202,centro_salud,ELX / ELCHE - ALTABIX
03204,centro_salud,ELX / ELCHE PLÀ
03294,centro_salud,ELX / ELCHE - LA FOIA
03194,centro_salud,ELX / ELCHE - MARINA
03201,centro_salud,ELX / ELCHE - SAN FERMÍN
03195,centro_salud,ELX / ELCHE - L'ALTET
03195,centro_salud,ELX / ELCHE - LOS ARENALES
03320,centro_salud,ELX / ELCHE - TORRELLANO
03139,centro_salud,ELX / ELCHE - VALVERDE
03295,centro_salud,ELX / ELCHE - PERLETA MAITINO
03130,centro_salud,C.S.I. SANTA POLA
03130,centro_salud,SANTA POLA - CASA DEL MAR (verano)
03130,centro_salud,SANTA POLA - GRAN ALACANT
03130,centro_salud,SANTA POLA - ISLA TABARCA
03130,centro_salud,SANTA POLA - PLAYA LISA (verano)
03580,centro_salud,L'ALFÀS DEL PI
03580,centro_salud,L'ALFAS DEL PI - L'ALBIR
03590,centro_salud,ALTEA
03590,centro_salud,ALTEA CASCO ANTIGUO
03590,centro_salud,ALTEA LA VIEJA
03501,centro_salud,BENIDORM - TOMÁS ORTUÑO
03503,centro_salud,BENIDORM - RINCÓN DE LOIX
03502,centro_salud,BENIDORM - LES FOIETES
03502,centro_salud,BENIDORM - LA CALA
03510,centro_salud,CALLOSA D'EN SARRIÀ
03517,centro_salud,BENIARDÁ
03517,centro_salud,BENIFATO
03516,centro_salud,BENIMANTELL
03518,centro_salud,BOLULLA
03517,centro_salud,GUADALEST
03517,centro_salud,CONFRIDES - ABDET
03517,centro_salud,CONFRIDES
03518,centro_salud,TÁRBENA
03530,centro_salud,LA NUCIA
03530,centro_salud,LA NUCIA PILAR DE GARAITA
03520,centro_salud,POLOP
03570,centro_salud,C.S.I. VILA JOIOSA / VILLAJOYOSA - ALMASSERA DE TONDA
03509,centro_salud,FINESTRAT
03509,centro_salud,FINESTRAT - LA CALA
03579,centro_salud,ORXETA
03578,centro_salud,RELLEU
03579,centro_salud,SELLA
03570,centro_salud,CALA DE VILLAJOYOSA
03340,centro_salud,ALBATERA
03349,centro_salud,SAN ISIDRO
03160,centro_salud,ALMORADÍ
03169,centro_salud,ALGORFA
03160,centro_salud,ALMORADÍ - HEREDADES
03159,centro_salud,DAYA NUEVA
03177,centro_salud,DAYA VIEJA
03380,centro_salud,BIGASTRO
03390,centro_salud,BENEJÚZAR
03310,centro_salud,JACARILLA
03360,centro_salud,CALLOSA DE SEGURA
03350,centro_salud,COX
03348,centro_salud,GRANJA DE ROCAMORA
03369,centro_salud,EL MUDAMIENTO
03369,centro_salud,RAFAL
03370,centro_salud,REDOVÁN
03150,centro_salud,DOLORES
03158,centro_salud,CATRAL
03316,centro_salud,ORIHUELA - BENFERRI
03300,centro_salud,ORIHUELA - PLAZA DE LA SALUD
03315,centro_salud,ORIHUELA - LA MURADA
03317,centro_salud,ORIHUELA - EL ESCORRATEL
03311,centro_salud,ORIHUELA - LA APARECIDA
03314,centro_salud,ORIHUELA - LA CAMPANETA
03316,centro_salud,ORIHUELA - LA MATANZA
03300,centro_salud,ORIHUELA - MEDIA LEGUA
03311,centro_salud,ORIHUELA - RINCÓN DE BONANZA
03315,centro_salud,ORIHUELA - VIRGEN DEL CAMINO
03314,centro_salud,ORIHUELA - SAN BARTOLOMÉ
03300,centro_salud,ORIHUELA - ÁLVAREZ DE LA RIVA
03312,centro_salud,ORIHUELA - L'ARNEVA
03312,centro_salud,ORIHUELA - LOS DESAMPARADOS
03313,centro_salud,ORIHUELA - HURCHILLO
03322,centro_salud,ORIHUELA - MOLÍNS
03189,centro_salud,ORIHUELA - CORRENTÍAS BAJAS
03140,centro_salud,C.S.I. GUARDAMAR DEL SEGURA
03140,centro_salud,GUARDAMAR DEL SEGURA - EL CAMPO
03177,centro_salud,LA MARINA - OASIS
03177,centro_salud,SAN FULGENCIO
03170,centro_salud,C.S.I. ROJALES
03170,centro_salud,ROJALES II - LO MARABU
03178,centro_salud,BENIJÓFAR
03179,centro_salud,FORMENTERA DEL SEGURA
03179,centro_salud,FORMENTERA DEL SEGURA - LOS PALACIOS
03185,centro_salud,C.S.I. TORREVIEJA - EL ACEQUIÓN
03181,centro_salud,TORREVIEJA - PATRICIO PÉREZ
03183,centro_salud,C.S.I. TORREVIEJA - LA LOMA
03184,centro_salud,TORREVIEJA - SAN LUIS
03188,centro_salud,TORREVIEJA - LA MATA
03189,centro_salud,ORIHUELA COSTA
03190,centro_salud,C.S.I. PILAR DE LA HORADADA
03191,centro_salud,PILAR DE HORADADA - MIL PALMERAS
03191,centro_salud,PILAR DE LA HORADADA - PINAR DE CAMPOVERDE
03190,centro_salud,PILAR DE LA HORADADA - TORRE DE LA HORADADA
03193,centro_salud,SAN MIGUEL DE SALINAS
03187,centro_salud,LOS MONTESINOS
03313,centro_salud,ORIHUELA - TORREMENDO
12570,centro_salud,ALCALÀ DE XIVERT
12579,centro_salud,ALCOSSEBRE
12579,centro_salud,ALCOSSEBRE - LAS FUENTES (verano)
12597,centro_salud,SANTA MAGDALENA DE PULPIS
12580,centro_salud,C.S.I. BENICARLÓ
12598,centro_salud,PEÑÍSCOLA
12598,centro_salud,PEÑÍSCOLA - PEÑISMAR (verano)
12598,centro_salud,PEÑÍSCOLA - SOROLLA (verano)
12310,centro_salud,FORCALL
12318,centro_salud,CINCTORRES
12312,centro_salud,LA MATA
12311,centro_salud,ORTELLS
12312,centro_salud,OLOCAU DEL REY
12311,centro_salud,PALANQUES
12318,centro_salud,PORTELL DE MORELLA
12312,centro_salud,TODOLELLA
12312,centro_salud,VILLORES
12311,centro_salud,ZORITA DEL MAESTRAZGO
12300,centro_salud,MORELLA
12317,centro_salud,HERBERS
12314,centro_salud,CHIVA DE MORELLA
12315,centro_salud,VALLIBONA
12170,centro_salud,SANT MATEU
12513,centro_salud,CATÍ
12578,centro_salud,CERVERA DEL MAESTRE
12186,centro_salud,LA SALZADELLA
12360,centro_salud,CHERT/XERT
12330,centro_salud,TRAIGUERA
12589,centro_salud,CÀLIG
12350,centro_salud,CANET LO ROIG
12319,centro_salud,CASTELL DE CABRES
12340,centro_salud,LA JANA
12599,centro_salud,BOJAR
12599,centro_salud,BALLESTAR
12599,centro_salud,LA POBLA DE BENIFASSÀ
12599,centro_salud,LA POBLA DE BENIFASSÀ - FREDES
12511,centro_salud,ROSSELL
12510,centro_salud,SAN RAFAEL DEL RÍO
12320,centro_salud,SANT JORDI/SAN JORGE
12500,centro_salud,VINARÒS
12132,centro_salud,ATZENETA DEL MAESTRAT
12134,centro_salud,BENAFIGOS
12134,centro_salud,CHODOS/XODOS
12135,centro_salud,VISTABELLA DEL MAESTRAT
12140,centro_salud,ALBOCÀSSER
12160,centro_salud,BENASAL - FUENTES EN SEGURES (verano)
12160,centro_salud,BENASSAL
12163,centro_salud,CULLA
12163,centro_salud,PLA DE LES VINYES
12184,centro_salud,LA SERRATELLA
12161,centro_salud,LA TORRE D´EN BESORA
12162,centro_salud,VILAR DE CANES
12110,centro_salud,L'ALCORA
12121,centro_salud,"L´ALCORA, LA FOIA"
12119,centro_salud,COSTUR
12122,centro_salud,FIGUEROLES
12130,centro_salud,SANT JOAN DE MORÓ
12550,centro_salud,C.S.I. ALMAZORA
12550,centro_salud,ALMAZORA/ALMASSORA
12004,centro_salud,CASTELLÓN DE LA PLANA - BARRANQUET
12550,centro_salud,ALMAZORA/ALMASSORA - LA TORRE (verano)
12560,centro_salud,BENICASIM / BENICÀSSIM
12560,centro_salud,BENICASIM / BENICÀSSIM - ATLANTA (verano)
12560,centro_salud,BENICASIM / BENICÀSSIM - VILA-REAL (verano)
12594,centro_salud,ORPESA DEL MAR / ORPESA - AVENIDA DEL MAR (verano)
12594,centro_salud,OROPESA DEL MAR/ORPESA - LA MARINA (verano)
12594,centro_salud,OROPESA DEL MAR/ORPESA
12181,centro_salud,BENLLOCH
12164,centro_salud,SIERRA ENGARCERÁN - ELS ROSILDOS
12166,centro_salud,SIERRA ENGARCERÁN - ELS IBARSOS
12182,centro_salud,SIERRA ENGARCERÁN
12184,centro_salud,TORRE ENDOMÉNECH
12183,centro_salud,VILANOVA D´ALCOLEA
12190,centro_salud,BORRIOL
12004,centro_salud,CASTELLÓN DE LA PLANA - ILLES COLUMBRETES
12004,centro_salud,CASTELLÓN DE LA PLANA - SANT AGUSTÍ
12006,centro_salud,RAVAL UNIVERSITAT
12006,centro_salud,CASTELLÓN DE LA PLANA - PINTOR SOROLLA
12006,centro_salud,CASTELLÓN DE LA PLANA - BENADRESA
12006,centro_salud,CASTELLÓN DE LA PLANA - GRUPO REYES
12006,centro_salud,CASTELLÓN DE LA PLANA - LA SALERA
12006,centro_salud,CASTELLÓN DE LA PLANA - SAN LORENZO
12006,centro_salud,C.S.I. CASTELLÓN DE LA PLANA - GRAN VÍA
12001,centro_salud,CASTELLÓN DE LA PLANA - 9 D'OCTUBRE
12003,centro_salud,CASTELLÓN DE LA PLANA - RAFALAFENA
12005,centro_salud,CASTELLÓN DE LA PLANA - FERNANDO EL CATOLICO
12005,centro_salud,CASTELLÓN DE LA PLANA - PALLETER
12100,centro_salud,C.S.I. CASTELLÓN DE LA PLANA - GRAO
12100,centro_salud,CASTELLÓN DE LA PLANA - EL GRAO
12120,centro_salud,LLUCENA - LUCENA DEL CID
12123,centro_salud,CASTILLO DE VILLAMALEFA
12127,centro_salud,CORTES DE ARENOSO
12127,centro_salud,CORTES DE ARENOSO-SAN VICENTE
12124,centro_salud,VILLAHERMOSA DEL RÍO
12125,centro_salud,ZUCAINA
12194,centro_salud,LA VALL D'ALBA
12180,centro_salud,CABANES
12191,centro_salud,LA POBLA TORNESA
12118,centro_salud,LES USERES / USERAS
12192,centro_salud,VILAFAMÉS
12150,centro_salud,VILLAFRANCA DEL CID
12165,centro_salud,ARES DEL MAESTRE
12159,centro_salud,CASTELLFORT
12185,centro_salud,LES COVES DE VINROMÀ
12179,centro_salud,TÍRIG
12596,centro_salud,TORREBLANCA
12595,centro_salud,LA RIBERA DE CABANES
12596,centro_salud,TORREBLANCA - TORRENOSTRA (verano)
12527,centro_salud,ARTANA
12222,centro_salud,AÍN
12528,centro_salud,ESLIDA
12549,centro_salud,BETXÍ
12530,centro_salud,BURRIANA
12530,centro_salud,C.S.I. BURRIANA II
12539,centro_salud,ALQUERÍAS DEL NIÑO PERDIDO
12530,centro_salud,BURRIANA - GRAO (verano)
12530,centro_salud,BURRIANA - PUERTO
12448,centro_salud,MONTANEJOS
12232,centro_salud,ARAÑUEL
12231,centro_salud,CIRAT
12232,centro_salud,EL TORMO
12447,centro_salud,MONTÁN
12428,centro_salud,LOS CALPES
12428,centro_salud,PUEBLA DE ARENOSO
12593,centro_salud,PLAYA MONCOFA (verano)
12593,centro_salud,MONCOFA
12520,centro_salud,NULES
12529,centro_salud,MASCARELL
12529,centro_salud,PLAYA NULES (verano)
12526,centro_salud,LA VILAVELLA
12200,centro_salud,ONDA I
12200,centro_salud,C.S.I. ONDA II
12230,centro_salud,ARGELITA
12230,centro_salud,ESPADILLA
12230,centro_salud,FANZARA
12123,centro_salud,LUDIENTE
12123,centro_salud,LUDIENTE - GIRABA DE ABAJO
12210,centro_salud,RIBESALBES
12230,centro_salud,TOGA
12232,centro_salud,TORRECHIVA
12230,centro_salud,VALLAT
12221,centro_salud,TALES
12222,centro_salud,ALCUDIA DE VEO
12222,centro_salud,VEO
12224,centro_salud,AYÓDAR
12225,centro_salud,FUENTES DE AYÓDAR
12223,centro_salud,SUERAS/SUERA
12225,centro_salud,TORRALBA DEL PINAR
12224,centro_salud,VILLAMALUR
12600,centro_salud,C.S.I. LA VALL D'UIXÓ
12600,centro_salud,LA VALL D'UIXÓ 2
12609,centro_salud,ALFONDEGUILLA
12540,centro_salud,VILA-REAL EL PILAR
12540,centro_salud,VILA-REAL BOVILA
12540,centro_salud,VILA-REAL II CARINYENA
12590,centro_salud,ALMENARA
12590,centro_salud,PLAYA DE ALMENARA
12592,centro_salud,CHILCHES/XILXES
12592,centro_salud,CHILCHES/XILXES PLAYA
12591,centro_salud,LA LLOSA
12400,centro_salud,C.S.I. ALTO PALANCIA
12414,centro_salud,ALGIMIA DE ALMONACID
12413,centro_salud,ALMEDÍJAR
12410,centro_salud,ALTURA
12413,centro_salud,CASTELLNOVO
12415,centro_salud,GAIBIEL
12412,centro_salud,GELDO
12415,centro_salud,MATET
12470,centro_salud,NAVAJAS
12400,centro_salud,SEGORBE - PEÑALBA
12414,centro_salud,VALL DE ALMONACID
12460,centro_salud,VIVER
12420,centro_salud,BARRACAS
12430,centro_salud,BEJÍS
12449,centro_salud,BENAFER
12440,centro_salud,CAUDIEL
12428,centro_salud,FUENTE LA REINA
12449,centro_salud,HIGUERAS
12450,centro_salud,JÉRICA
12450,centro_salud,JÉRICA - NOVALICHES
12449,centro_salud,PAVÍAS
12429,centro_salud,PINA DE MONTALGRAO
12469,centro_salud,SACAÑET
12469,centro_salud,TERESA
12431,centro_salud,TORÁS
12429,centro_salud,TORO (EL)
12428,centro_salud,VILLANUEVA DE VIVER
12480,centro_salud,SONEJA
12490,centro_salud,AZUÉBAR
12499,centro_salud,CHÓVAR
12489,centro_salud,SOT DE FERRER
46702,centro_salud,C.S.I. GANDIA-ROIS DE CORELLA
46713,centro_salud,BELLREGUARD
46723,centro_salud,ALMOINES
46715,centro_salud,L´ALQUERÍA DE LA COMTESSA
46713,centro_salud,BELLREGUARD - PLAYA (verano)
46722,centro_salud,BENIARJÓ
46710,centro_salud,DAIMÚS
46710,centro_salud,DAIMÚS - PLAYA
46717,centro_salud,LA FONT D´EN CARRÒS
46711,centro_salud,GUARDAMAR DE LA SAFOR
46711,centro_salud,MIRAMAR
46711,centro_salud,MIRAMAR - PLAYA
46714,centro_salud,PALMERA
46712,centro_salud,PILES
46712,centro_salud,PLAYA PILES (verano)
46721,centro_salud,POTRIES
46716,centro_salud,RAFELCOFER
46760,centro_salud,TAVERNES DE LA VALLDIGNA PLAYA
46841,centro_salud,CASTELLÓ DE RUGAT
46842,centro_salud,AIELO DE RUGAT
46844,centro_salud,BENIATJAR
46838,centro_salud,BENICOLET
46842,centro_salud,MONTICHELVO
46844,centro_salud,OTOS
46843,centro_salud,RÁFOL DE SALEM
46842,centro_salud,RUGAT
46843,centro_salud,SALEM
46842,centro_salud,TERRATEIG
46701,centro_salud,GANDIA - COREA
46703,centro_salud,BENIRREDRÁ
46702,centro_salud,GANDIA - BENIOPA
46758,centro_salud,BARX
46702,centro_salud,GANDIA - RAVAL
46727,centro_salud,REAL DE GANDIA
46730,centro_salud,GANDIA - EL GRAU
46770,centro_salud,XERACO
46770,centro_salud,PLAYA XERACO (verano)
46790,centro_salud,XERESA
46780,centro_salud,OLIVA
46780,centro_salud,OLIVA - SANT FRANCESC
46780,centro_salud,OLIVA - PLAYA
46720,centro_salud,VILALLONGA / VILLALONGA
46724,centro_salud,ADOR
46725,centro_salud,ALFAUIR
46726,centro_salud,ALMISERA
46726,centro_salud,CASTELLONET DE LA CONQUESTA
46668,centro_salud,LLOCNOU DE SANT JERONI
46724,centro_salud,PALMA DE GANDÍA
46725,centro_salud,RÒTOVA
46760,centro_salud,TAVERNES DE LA VALLDIGNA
46791,centro_salud,BENIFAIRÓ DE LA VALLDIGNA
46750,centro_salud,SIMAT DE LA VALLDIGNA
46260,centro_salud,ALBERIC
46266,centro_salud,ANTELLA
46611,centro_salud,BENIMUSLEM
46267,centro_salud,GAVARDA
46292,centro_salud,MASSALAVÉS
46269,centro_salud,TOUS
46600,centro_salud,ALZIRA I
46600,centro_salud,C.S.I. ALZIRA II
46600,centro_salud,LA BARRACA D'AIGÜES VIVES
46612,centro_salud,CORBERA
46613,centro_salud,LLAURÍ
46250,centro_salud,L'ALCÚDIA
46610,centro_salud,GUADASSUAR
46680,centro_salud,ALGEMESÍ
46687,centro_salud,ALBALAT DE LA RIBERA
46680,centro_salud,ALGEMESÍ (PARQUE)
46230,centro_salud,ALGINET
46440,centro_salud,ALMUSSAFES
46450,centro_salud,C.S.I. BENIFAIÓ
46430,centro_salud,SOLLANA
46430,centro_salud,SOLLANA EL ROMANÍ
46740,centro_salud,CARCAIXENT
46240,centro_salud,C.S.I. CARLET
46196,centro_salud,CATADAU
46197,centro_salud,ALFARP
46291,centro_salud,BENIMODO
46195,centro_salud,LLOMBAI
46400,centro_salud,CULLERA - EL RAVAL
46400,centro_salud,C.S.I. CULLERA
46400,centro_salud,CULLERA - EL BROSQUIL (verano)
46400,centro_salud,CULLERA - EL FARO
46400,centro_salud,CULLERA - EL RACÓ
46400,centro_salud,CULLERA - OASIS
46614,centro_salud,FAVARA
46408,centro_salud, MARENY DE SANT LLORENÇ
46410,centro_salud,SUECA
46689,centro_salud,BENICULL DE XUQUER
46418,centro_salud,FORTALENY
46688,centro_salud,POLINYÁ DE XÚQUER
46418,centro_salud,RIOLA
46419,centro_salud,SUECA - MARENY DE BARRAQUETES
46412,centro_salud,SUECA - EL PERELLÓ
46410,centro_salud,SUECA - EL POUET LA LLASTRA (verano)
46419,centro_salud,SUECA - LES PALMERETES (verano)
46140,centro_salud,SUECA - MARENY BLAU (verano)
46620,centro_salud,AYORA
46622,centro_salud,TERESA DE COFRENTES
46621,centro_salud,ZARRA
46315,centro_salud,CAUDETE DE LAS FUENTES
46330,centro_salud,CAMPORROBLES
46314,centro_salud,FUENTERROBLES
46310,centro_salud,VENTA DEL MORO / CASAS DE MOYA
46310,centro_salud,VENTA DEL MORO - CASAS DE PRADA
46310,centro_salud,VENTA DEL MORO / CASAS DEL REY
46311,centro_salud,VENTA DEL MORO / JARAGUAS
46310,centro_salud,VENTA DEL MORO / LOS MARCOS
46310,centro_salud,VENTA DEL MORO / LAS MONJAS
46310,centro_salud,VENTA DEL MORO
46317,centro_salud,VILLARGORDO DEL CABRIEL
46625,centro_salud,COFRENTES
46199,centro_salud,LA CABEZUELA
46199,centro_salud,CASTIBLANQUES
46199,centro_salud,CORTES DE PALLÁS
46199,centro_salud,EL ORO
46199,centro_salud,VENTA GAETA
46199,centro_salud,VIÑUELAS
46624,centro_salud,JALANCE
46623,centro_salud,JARAFUEL
46340,centro_salud,REQUENA
46350,centro_salud,CHERA
46390,centro_salud,REQUENA - BARRIO ARROYO
46352,centro_salud,REQUENA - CAMPO ARCIS
46352,centro_salud,REQUENA - CASAS DE EUFEMIA
46356,centro_salud,REQUENA - CASAS DEL RÍO
46354,centro_salud,REQUENA - LOS COJOS
46352,centro_salud,REQUENA - LOS DUQUES
46354,centro_salud,REQUENA -  LOS ISIDROS
46355,centro_salud,REQUENA - LOS PEDRONES
46357,centro_salud,REQUENA - LA PORTERA
46391,centro_salud,REQUENA - EL REBOLLAR
46353,centro_salud,LOS RUICES
46390,centro_salud,REQUENA - SAN ANTONIO
46390,centro_salud,SAN JUAN
46392,centro_salud,SIETE AGUAS
46300,centro_salud,UTIEL
46173,centro_salud,BENAGÉBER
46320,centro_salud,SINARCAS
46313,centro_salud,LOS CORRALES
46313,centro_salud,UTIEL - LAS CASAS
46321,centro_salud,UTIEL - LA TORRE
46313,centro_salud,UTIEL - LAS CUEVAS
46590,centro_salud,ESTIVELLA
46591,centro_salud,ALBALAT DELS TARONGERS
46594,centro_salud,ALFARA DE LA BARONIA
46593,centro_salud,ALGAR DE PALÀNCIA
46148,centro_salud,ALGÍMIA D'ALFARA
46149,centro_salud,GILET
46501,centro_salud,PETRES
46592,centro_salud,SEGART
46148,centro_salud,TORRES TORRES
46511,centro_salud,FAURA
46510,centro_salud,BENAVITES
46511,centro_salud,BENIFAIRÓ DE LES VALLS
46510,centro_salud,QUART DE LES VALLS
46510,centro_salud,QUARTELL
46530,centro_salud,PUÇOL
46530,centro_salud,PUÇOL PLAYA (verano)
46520,centro_salud,PUERTO DE SAGUNTO/SAGUNT I
46520,centro_salud,PUERTO DE SAGUNTO/SAGUNT II
46529,centro_salud,CANET D'EN BERENGUER
46529,centro_salud,CANET D'EN BERENGUER - PLAYA
46520,centro_salud,PUERTO DE SAGUNTO/SAGUNT EL BALADRE
46540,centro_salud,EL PUIG
46540,centro_salud,PUIG DE SANTA MARÍA (verano)
46500,centro_salud,SAGUNTO
46529,centro_salud,SAGUNTO/SAGUNT - ALMARDA
46500,centro_salud,SAGUNTO/SAGUNT RAVAL
46140,centro_salud,ADEMUZ
46147,centro_salud,CASAS ALTAS
46146,centro_salud,CASAS BAJAS
46141,centro_salud,ARROYO CEREZO
46141,centro_salud,CASTIELFABIB
46141,centro_salud,CUESTA DEL RATO
46141,centro_salud,MAS DE JACINTO
46141,centro_salud,LOS SANTOS
46140,centro_salud,PUEBLA DE SAN MIGUEL
46143,centro_salud,TORREBAJA
46145,centro_salud,VALLANCA
46180,centro_salud,BENAGUASIL
46035,centro_salud,VALENCIA - BENIMAMET
46989,centro_salud,PATERNA TERRAMELAR
46117,centro_salud,BÉTERA
46118,centro_salud,NÀQUERA
46118,centro_salud,SERRA
46100,centro_salud,BURJASSOT 1
46100,centro_salud,BURJASSOT 2
46176,centro_salud,CHELVA
46175,centro_salud,CALLES
46177,centro_salud,TUÉJAR
46183,centro_salud,L'ELIANA
46184,centro_salud,SAN ANTONIO DE BENAGÉBER
46110,centro_salud,GODELLA
46111,centro_salud,ROCAFORT
46160,centro_salud,LLÍRIA
46172,centro_salud,ALCUBLAS
46181,centro_salud,BENISSANÓ
46171,centro_salud,CASINOS
46174,centro_salud,DOMEÑO
46169,centro_salud,GÁTOVA
46163,centro_salud,MARINES
46169,centro_salud,OLOCAU
46113,centro_salud,MONCADA
46115,centro_salud,ALFARA DEL PATRIARCA
46113,centro_salud,MONCADA SAN ISIDRO DE BENAGÉBER
46112,centro_salud,VALENCIA MASARROCHOS
46980,centro_salud,PATERNA
46980,centro_salud,PATERNA CAMPAMENTO
46980,centro_salud,PATERNA LA CAÑADA
46980,centro_salud,PATERNA LA COMA
46980,centro_salud,PATERNA SANTA RITA
46980,centro_salud,PATERNA VALTERNA
46185,centro_salud,LA POBLA DE VALLBONA
46178,centro_salud,TITAGUAS
46178,centro_salud,ALPUENTE
46179,centro_salud,ARAS DE LOS OLMOS
46178,centro_salud,LA YESA
46191,centro_salud,VILAMARXANT
46170,centro_salud,VILLAR DEL ARZOBISPO
46170,centro_salud,ANDILLA
46167,centro_salud,CHULILLA
46170,centro_salud,HIGUERUELAS
46173,centro_salud,LOSA DEL OBISPO
46168,centro_salud,SOT DE CHERA
46164,centro_salud,PEDRALBA
46165,centro_salud,BUGARRA
46166,centro_salud,GESTALGAR
46910,centro_salud,ALFAFAR
46910,centro_salud,"ALFAFAR, PARQUE ALCOSA"
46910,centro_salud,BENETÚSSER
46910,centro_salud,SEDAVÍ
46005,centro_salud,VALENCIA - RUSSAFA
46006,centro_salud,VALENCIA - LUIS OLIAG - MONTEOLIVETE
46006,centro_salud,VALENCIA - LUIS OLIAG
46007,centro_salud,VALENCIA - PADRE JOFRÉ
46017,centro_salud,VALENCIA - PLAZA SEGOVIA
46014,centro_salud,VALENCIA - SAFRANAR
46006,centro_salud,MALILLA-VALENCIA
46013,centro_salud,VALENCIA - FUENTE SAN LUIS
46013,centro_salud,VALENCIA - CARRETERA DE ARTES
46017,centro_salud,VALENCIA - SAN MARCELINO
46017,centro_salud,VALENCIA - LA TORRE
46026,centro_salud,VALENCIA - CASTELLAR
46012,centro_salud,VALENCIA - EL PALMAR
46012,centro_salud,VALENCIA - EL PERELLONET
46012,centro_salud,VALENCIA - EL SALER
46026,centro_salud,VALENCIA - HORNO DE ALCEDO
46012,centro_salud,VALENCIA - PINEDO
46970,centro_salud,C.S.I. ALAQUÀS
46192,centro_salud,MONTSERRAT
46198,centro_salud,DOS AGUAS
46198,centro_salud,MILLARES
46193,centro_salud,MONTROY
46194,centro_salud,REAL
46200,centro_salud,PAIPORTA
46210,centro_salud,PICANYA
46220,centro_salud,PICASSENT
46900,centro_salud,TORRENT II
46900,centro_salud,TORRENT
46900,centro_salud,TORRENT III
46901,centro_salud,TORRENT I - MONTE - VEDAT
46900,centro_salud,TORRENT
46950,centro_salud,C.S.I. XIRIVELLA
46003,centro_salud,VALENCIA - NÁPOLES Y SICILIA
46008,centro_salud,VALENCIA - GUILLEM DE CASTRO
46008,centro_salud,C.S.I. JUAN LLORENS
46008,centro_salud,VALENCIA - JUAN LLORENS
46007,centro_salud,VALENCIA - GIL Y MORTE
46007,centro_salud,VALENCIA - CONVENTO DE JERUSALEN
46018,centro_salud,VALENCIA - NOU MOLES
46014,centro_salud,VALENCIA - VIRGEN DE LA FUENSANTA
46018,centro_salud,TRES FORQUES
46014,centro_salud,XIRIVELLA BARRIO DE LUZ
46014,centro_salud,VALENCIA - SAN ISIDRO
46015,centro_salud,VALENCIA - CAMPANAR
46009,centro_salud,CAMPANAR II
46010,centro_salud,VALENCIA - TRINITAT
46009,centro_salud,VALENCIA - BILBAO
46015,centro_salud,VALENCIA - BENICALAP II - MIGUEL SERVET
46025,centro_salud,VALENCIA - BENICALAP - AZUCENA
46009,centro_salud,VALENCIA - SALVADOR ALLENDE
46019,centro_salud,VALENCIA - ARQUITECTO TOLSÁ
46025,centro_salud,VALENCIA - JUAN XXIII
46016,centro_salud,VALENCIA - BENIFARAIG
46016,centro_salud,VALENCIA - BORBOTÓ
46016,centro_salud,VALENCIA - CARPESA
46025,centro_salud,VALENCIA - POBLE NOU
46470,centro_salud,ALBAL
46469,centro_salud,BENIPARRELL
46290,centro_salud,ALCÀSSER
46470,centro_salud,CATARROJA
46470,centro_salud,MASSANASSA
46460,centro_salud,SILLA
46120,centro_salud,ALBORAYA
46120,centro_salud,ALBORAYA - RACO DE SANT LLORENS
46129,centro_salud,ALBORAYA LA PATACONA
46128,centro_salud,ALBORAYA PORT SAPLAYA
46132,centro_salud,ALMÀSSERA
46131,centro_salud,BONREPÒS I MIRAMBELL
46134,centro_salud,FOIOS
46135,centro_salud,ALBALAT DELS SORELLS
46114,centro_salud,VINALESA
46130,centro_salud,MASSAMAGRELL
46130,centro_salud,MASSAMAGRELL - BARRIO DE LA MAGDALENA
46137,centro_salud,LA POBLA DE FARNALS
46137,centro_salud,LA POBLA DE FARNALS - PLAYA
46133,centro_salud,MELIANA
46133,centro_salud,MELIANA BARRIO ROCA
46136,centro_salud,MUSEROS
46550,centro_salud,ALBUIXECH
46135,centro_salud,EMPERADOR
46560,centro_salud,MASSALFASSAR
46138,centro_salud,RAFELBUNYOL / RAFELBUÑOL
46016,centro_salud,TAVERNES BLANQUES
46020,centro_salud,VALENCIA - ALFAHUIR
46020,centro_salud,VALENCIA - BENIMACLET
46021,centro_salud,VALENCIA - SALVADOR PAU
46021,centro_salud,VALENCIA - CHILE
46011,centro_salud,VALENCIA - SERRERÍA 2
46021,centro_salud,VALENCIA - REPÚBLICA ARGENTINA
46023,centro_salud,VALENCIA TRAFALGAR
46011,centro_salud,VALENCIA MALVARROSA
46022,centro_salud,VALENCIA - SERRERÍA 1
46011,centro_salud,VALENCIA VICENTE BRULL
46024,centro_salud,VALENCIA - NAZARET
46012,centro_salud,VALENCIA LA PUNTA
46860,centro_salud,ALBAIDA
46890,centro_salud,AGULLENT
46869,centro_salud,ATZENETA D'ALBAIDA
46868,centro_salud,BÈLGIDA
46869,centro_salud,BENISSODA
46891,centro_salud,BUFALI
46869,centro_salud,CARRÍCOLA
46891,centro_salud,EL PALOMAR
46690,centro_salud,L'ALCÚDIA DE CRESPINS
46692,centro_salud,MONTESA
46830,centro_salud,BENIGÁNIM
46839,centro_salud,BELLÚS
46840,centro_salud,LA POBLA DEL DUC
46880,centro_salud,BOCAIRENT
46650,centro_salud,CANALS
46659,centro_salud,CANALS - AIACOR
46294,centro_salud,CÀRCER
46293,centro_salud,ALCÀNTERA DE XÚQUER
46293,centro_salud,BENEIXIDA
46294,centro_salud,COTES
46295,centro_salud,SELLENT
46295,centro_salud,SUMACÀRCER
46821,centro_salud,CHELLA
46820,centro_salud,ANNA
46822,centro_salud,BOLBAITE
46817,centro_salud,ESTUBENY
46810,centro_salud,ENGUERA
46810,centro_salud,ENGUERA-NAVALÓN
46838,centro_salud,LLUTXENT
46838,centro_salud,PINET
46837,centro_salud,QUATRETONDA
46670,centro_salud,LA POBLA LLARGA
46669,centro_salud,L'ÉNOVA
46669,centro_salud,MANUEL
46666,centro_salud,RAFELGUARAF
46668,centro_salud,RAFELGUARAF - TOSSAL NOU
46640,centro_salud,MOIXENT / MOGENTE
46630,centro_salud,LA FONT DE LA FIGUERA
46691,centro_salud,VALLADA
46823,centro_salud,NAVARRÉS
46825,centro_salud,BICORP
46824,centro_salud,QUESA
46850,centro_salud,L'OLLERIA
46893,centro_salud,ALFARRASÍ - DR. RAMON GARCIA-NOBLEJAS DAVILA
46839,centro_salud,BENISSUERA
46839,centro_salud,GUADASEQUIES
46892,centro_salud,MONTAVERNER
46839,centro_salud,SEMPERE
46870,centro_salud,ONTINYENT - EL BARRANQUET
46870,centro_salud,ONTINYENT I - SAN RAFAEL
46870,centro_salud,ONTINYENT II
46812,centro_salud,AIELO DE MALFERIT
46635,centro_salud,FONTANARS DELS ALFORINS
46270,centro_salud,CASTELLÓ
46669,centro_salud,SANT JOANET
46669,centro_salud,SENYERA
46800,centro_salud,XÀTIVA
46667,centro_salud,BARXETA
46800,centro_salud,CERDÀ
46894,centro_salud,EL GENOVÉS
46814,centro_salud,LLANERA DE RANES
46668,centro_salud,LLOC NOU D'EN FENOLLET
46800,centro_salud,NOVETLÉ
46800,centro_salud,TORRELLA
46800,centro_salud,ANAHUIR
46668,centro_salud,TORRE LLORIS - XÁTIVA
46800,centro_salud,XÀTIVA - LA SEU
46815,centro_salud,LLOSA DE RANES
46818,centro_salud,LA GRANJA DE LA COSTERA
46816,centro_salud,ROTGLÀ I CORBERÀ
46818,centro_salud,VALLÉS
15318,centro_salud,ABEGONDO
15317,centro_salud,MUNIFERRAL
15317,centro_salud,A CASTELLANA
15142,centro_salud,ARTEIXO
15141,centro_salud,VILARRODÍS
15008,centro_salud,MEICENDE
15165,centro_salud,BERGONDO
15640,centro_salud,GUISAMO
15300,centro_salud,BETANZOS
15115,centro_salud,CESULLAS
15149,centro_salud,NANTON
15123,centro_salud,CAMARIÑAS
15121,centro_salud,CAMELLE
15121,centro_salud,PONTE DO PORTO
15679,centro_salud,O TEMPLE
15660,centro_salud,CAMBRE
15100,centro_salud,CARBALLO
15175,centro_salud,CARRAL
15270,centro_salud,CEE
15185,centro_salud,CERCEDA
15186,centro_salud,A SILVA
15316,centro_salud,FIGUEIRAS-COIROS
15130,centro_salud,CORCUBION
15148,centro_salud,AGUALADA
15147,centro_salud,CORISTANCO
15007,centro_salud,OS MALLOS
15002,centro_salud,MONTE ALTO - A TORRE
15001,centro_salud,ABENTE Y LAGO
15003,centro_salud,SAN JOSE
15011,centro_salud,OS ROSALES
15009,centro_salud,MATOGRANDE
15010,centro_salud,O VENTORRILLO
15006,centro_salud,CASA DO MAR
15011,centro_salud,LABAÑOU
15005,centro_salud,FEDERICO TAPIA
15009,centro_salud,O CASTRILLON
15190,centro_salud,NOVO MESOIRO
15008,centro_salud,ELVIÑA-MESOIRO
15002,centro_salud,ADORMIDERAS
15670,centro_salud,CULLEREDO
15174,centro_salud,O PORTÁDEGO
15189,centro_salud,TARRIO
15310,centro_salud,CURTIS
15310,centro_salud,TEIXEIRO
15151,centro_salud,DUMBRIA
15297,centro_salud,EZARO
15155,centro_salud,FISTERRA
15313,centro_salud,IRIXOA
15145,centro_salud,LARACHA
15105,centro_salud,CAIÓN
15117,centro_salud,LAXE
15111,centro_salud,BUÑO
15113,centro_salud,MALPICA
15630,centro_salud,MIÑO
15124,centro_salud,MUXIA
15173,centro_salud,A COVADA
15179,centro_salud,SANTA CRUZ
15172,centro_salud,PERILLO
15177,centro_salud,MERA
15380,centro_salud,OZA DOS RÍOS
15390,centro_salud,CESURAS
15314,centro_salud,PADERNE
15110,centro_salud,PONTECESO
15114,centro_salud,CORME
15160,centro_salud,SADA
15813,centro_salud,SOBRADO DOS MONXES
15637,centro_salud,VILARMAIOR
15807,centro_salud,PRÉSARAS
15129,centro_salud,VIMIANZO
15850,centro_salud,ZAS
15150,centro_salud,BAIO-ZAS
15624,centro_salud,ARES
15622,centro_salud,CABANAS
15613,centro_salud,A CAPELA
15360,centro_salud,CARIÑO
15350,centro_salud,CEDEIRA
15569,centro_salud,CERDIDO
15500,centro_salud,FENE
15520,centro_salud,MANIÑOS
15406,centro_salud,CARANZA
15401,centro_salud,MANUEL COMELLAS
15403,centro_salud,FONTENLA MARISTANY
15405,centro_salud,SERANTES
15339,centro_salud,BARQUEIRO
15563,centro_salud,MOECHE
15619,centro_salud,MONFERO
15620,centro_salud,MUGARDOS
15570,centro_salud,NARÓN
15541,centro_salud,O VAL
15587,centro_salud,PEDROSO
15510,centro_salud,NEDA
15339,centro_salud,ESPASANTE
15330,centro_salud,ORTIGUEIRA
15338,centro_salud,MERA-ORTIGUEIRA
15600,centro_salud,PONTEDEUME
15320,centro_salud,AS PONTES
15560,centro_salud,SAN SADURNIÑO
15565,centro_salud,AS SOMOZAS
15552,centro_salud,VALDOVIÑO
36520,centro_salud,AGOLADA
15220,centro_salud,BERTAMIRÁNS
15895,centro_salud,MILLADOIRO
15810,centro_salud,ARZUA
15863,centro_salud,A BAÑA
15818,centro_salud,BOIMORTO
15930,centro_salud,CASA DO MAR CABO DE CRUZ
15938,centro_salud,BOIRO
15881,centro_salud,BOQUEIXON
15881,centro_salud,LESTEDO
15865,centro_salud,BRION
15293,centro_salud,CARNOTA
15292,centro_salud,CASA DO MAR LIRA
15296,centro_salud,O PINDO
15916,centro_salud,DODRO
36518,centro_salud,DOZON
36685,centro_salud,OCA
36684,centro_salud,CODESEDA
36684,centro_salud,SOUTO DE VEA
36680,centro_salud,ESTRADA
15686,centro_salud,FRADES-PONTE CARREIRA
15685,centro_salud,ABELLÁ
36500,centro_salud,CIS DE LALÍN
15214,centro_salud,LOUSAME
15256,centro_salud,MAZARICOS
15800,centro_salud,MELIDE
15689,centro_salud,MESIA-VISANTOÑA
15685,centro_salud,XANCEDA
15259,centro_salud,MUROS
15240,centro_salud,ESTEIRO
15830,centro_salud,NEGREIRA
15200,centro_salud,NOIA
15680,centro_salud,ORDES
15888,centro_salud,OROSO
15230,centro_salud,OUTES
15900,centro_salud,PADRON
15821,centro_salud,O PINO
15940,centro_salud,A POBRA CARAMIÑAL
36640,centro_salud,PONTECESURES
15970,centro_salud,XUÑO
15970,centro_salud,PORTO DO SON
15999,centro_salud,PORTOSIN
15920,centro_salud,RIANXO
15985,centro_salud,RURAL TARAGOÑA
15959,centro_salud,CASA DO MAR PALMEIRA
15965,centro_salud,CASA DO MAR AGUIÑO
15960,centro_salud,CASA DO MAR CORRUBEDO
15960,centro_salud,RIBEIRA
36530,centro_salud,RODEIRO
15911,centro_salud,ROIS
15911,centro_salud,URDILDE
15840,centro_salud,SANTA COMBA
15707,centro_salud,FONTIÑAS
15704,centro_salud,VITE
15701,centro_salud,CONCEPCION ARENAL
15705,centro_salud,GALERAS
15706,centro_salud,CONXO
15808,centro_salud,ARCEDIAGO
15808,centro_salud,SANTISO-VISANTOÑA
36540,centro_salud,SILLEDA
36570,centro_salud,BANDEIRA
15866,centro_salud,FOLGUEIRAS-CALO
15894,centro_salud,OS TILOS
15883,centro_salud,PONTEVEA
15883,centro_salud,CACHEIRAS
15806,centro_salud,TOQUES
15683,centro_salud,TORDOIA
15822,centro_salud,TOURO
15687,centro_salud,VIAÑO PEQUENO
15686,centro_salud,AGRO DO MESTRE
15873,centro_salud,BEMBIBRE
36645,centro_salud,VALGA
15885,centro_salud,VEDRA
36590,centro_salud,VILA DE CRUCES
36580,centro_salud,MERZA
27730,centro_salud,ABADIN
27776,centro_salud,ALFOZ
27570,centro_salud,ANTAS DE ULLA
27130,centro_salud,BALEIRA
27680,centro_salud,BARALLA
27790,centro_salud,BARREIROS
27640,centro_salud,BECERREA
27373,centro_salud,BEGONTE
27370,centro_salud,BAAMONDE
27340,centro_salud,BOVEDA
27350,centro_salud,RUBIAN
27880,centro_salud,BURELA
27520,centro_salud,A BARRELA
27269,centro_salud,CASTRO RIBERAS DO LEA
27250,centro_salud,CASTRO DE REI
27120,centro_salud,CASTROVERDE
27664,centro_salud,SAN ROMAN
27666,centro_salud,DOIRAS
27890,centro_salud,SAN CIBRAO
27891,centro_salud,CERVO
27500,centro_salud,CHANTADA
27163,centro_salud,CORGO
27377,centro_salud,COSPEITO
27377,centro_salud,MUIMENTA
27325,centro_salud,FOLGOSO DO COUREL
27324,centro_salud,SEOANE DO COUREL
27100,centro_salud,A FONSAGRADA
27780,centro_salud,FOZ
27220,centro_salud,FRIOL
27300,centro_salud,GUITIRIZ
27380,centro_salud,PARGA
27185,centro_salud,LOUSADA
27211,centro_salud,GUNTÍN
27360,centro_salud,LANCARA
27760,centro_salud,LOURENZA
27003,centro_salud,ILLAS CANARIAS
27004,centro_salud,CIS DE LUGO
27001,centro_salud,PRAZA DO FERROL
27002,centro_salud,FINGOI
27004,centro_salud,A MILAGROSA
27003,centro_salud,SAGRADO CORAZON
27002,centro_salud,SAN ROQUE
27160,centro_salud,NADELA
27240,centro_salud,MEIRA
27740,centro_salud,MONDOÑEDO
27400,centro_salud,MONFORTE DE LEMOS
27560,centro_salud,MONTERROSO
27836,centro_salud,MURAS
27650,centro_salud,NAVIA DE SUARNA
27113,centro_salud,NEGUEIRA DE MUÑIZ
27677,centro_salud,AS NOGAIS
27346,centro_salud,O INCIO
27865,centro_salud,OUROL
27150,centro_salud,OUTEIRO DE REI
27200,centro_salud,PALAS DE REI
27430,centro_salud,PANTON
27611,centro_salud,PARADELA
27166,centro_salud,O PARAMO
27287,centro_salud,A PASTORIZA
27286,centro_salud,BRETOÑA
27670,centro_salud,PEDRAFITA DO CEBREIRO
27330,centro_salud,POBRA DO BROLLON
27270,centro_salud,POL
27720,centro_salud,A PONTENOVA
27170,centro_salud,PORTOMARIN
27320,centro_salud,QUIROGA
27370,centro_salud,RABADE
27700,centro_salud,RIBADEO
27310,centro_salud,RIBAS DO SIL
27242,centro_salud,RIBEIRA DE PIQUÍN
27744,centro_salud,RIOTORTO
27620,centro_salud,SAMOS
27600,centro_salud,SARRIA
27540,centro_salud,O SAVIÑAO
27540,centro_salud,CURRELOS
27460,centro_salud,SOBER
27550,centro_salud,TABOADA
27765,centro_salud,TRABADA
27630,centro_salud,TRIACASTELA
27770,centro_salud,O VALADOURO
27860,centro_salud,O VICEDO
27800,centro_salud,VILALBA
27850,centro_salud,VIVEIRO
27833,centro_salud,XERMADE
27870,centro_salud,XOVE
32660,centro_salud,ALLARIZ
32170,centro_salud,AMOEIRO
32417,centro_salud,ARNOIA
32520,centro_salud,AVION
32632,centro_salud,BALTAR
32840,centro_salud,BANDE
32701,centro_salud,BAÑOS DE MOLGAS
32002,centro_salud,A VALENZÁ
32300,centro_salud,O BARCO
32431,centro_salud,BEADE
32520,centro_salud,BEARIZ
32634,centro_salud,BLANCOS
32514,centro_salud,BOBORÁS
32812,centro_salud,A BOLA
32373,centro_salud,O BOLO
32644,centro_salud,CALVOS DE RANDIN
32330,centro_salud,CARBALLEDA VALDEORRAS
32412,centro_salud,CARBALLEDA AVIA
32500,centro_salud,CARBALLIÑO
32824,centro_salud,OUTUMURO
32820,centro_salud,CARTELLE
32232,centro_salud,CASTRELO DE MIÑO-BARRAL
32625,centro_salud,CASTRELO DO VAL
32760,centro_salud,CASTRO CALDELAS
32800,centro_salud,CELANOVA
32454,centro_salud,CENLLE
32450,centro_salud,BARBANTES
32786,centro_salud,CHANDREXA QUEIXA
32152,centro_salud,COLES
32200,centro_salud,CORTEGADA
32689,centro_salud,CUALEDRO
32860,centro_salud,ENTRIMO
32720,centro_salud,ESGOS
32212,centro_salud,GOMESENDE
32540,centro_salud,A GUDIÑA
32530,centro_salud,IRIXO
32358,centro_salud,LAROUCO
32620,centro_salud,LAZA
32420,centro_salud,LEIRO
32858,centro_salud,LOBEIRA
32870,centro_salud,LOBIOS
32700,centro_salud,MACEDA
32781,centro_salud,MANZANEDA
32570,centro_salud,MASIDE
32572,centro_salud,DACON
32411,centro_salud,QUINS
32830,centro_salud,A MERCA
32549,centro_salud,A MEZQUITA
32750,centro_salud,MONTEDERRAMO
32618,centro_salud,VILLAZA-MONTERREI
32618,centro_salud,ALBARELLOS
32880,centro_salud,MUIÑOS
32160,centro_salud,NOGUEIRA RAMUIN
32613,centro_salud,OIMBRA
32001,centro_salud,A PONTE
32002,centro_salud,CARBALLEIRA
32005,centro_salud,A CUÑA
32003,centro_salud,NOVOA SANTOS
32004,centro_salud,VALLE INCLAN
32002,centro_salud,O COUTO
32110,centro_salud,PADERNE ALLARIZ
32226,centro_salud,PADRENDA-CRESPOS
32236,centro_salud,A NOTARIA
32740,centro_salud,PARADA DO SIL
32710,centro_salud,PEREIRO DE AGUIAR
32440,centro_salud,OS PEARES
32150,centro_salud,A PEROXA
32356,centro_salud,PETIN
32137,centro_salud,PIÑOR
32780,centro_salud,POBRA DE TRIVES
32000,centro_salud,PONTEDEVA
32643,centro_salud,PORQUEIRA
32456,centro_salud,PUNXIN
32814,centro_salud,QUINTELA LEIRADO
32652,centro_salud,RAIRIZ DE VEIGA
32811,centro_salud,RAMIRAS
32400,centro_salud,RIBADAVIA
32611,centro_salud,RIOS
32350,centro_salud,A RUA
32310,centro_salud,RUBIA
32455,centro_salud,SAN AMARO
32911,centro_salud,SAN CIBRAO VIÑAS
32915,centro_salud,PONTE NOALLA
32130,centro_salud,SAN CRISTOVO CEA
32770,centro_salud,SAN XOAN DE RIO
32692,centro_salud,SANDIAS
32631,centro_salud,SARREAUS
32690,centro_salud,TABOADELA
32765,centro_salud,A TEIXEIRA
32930,centro_salud,TOÉN
32695,centro_salud,TRASMIRAS
32360,centro_salud,A VEIGA
32813,centro_salud,VEREA
32600,centro_salud,VERÍN
32550,centro_salud,VIANA DO BOLO
32101,centro_salud,VILAMARIN
32340,centro_salud,VILAMARTIN VALO
32702,centro_salud,VILAR DE BARRIO
32650,centro_salud,VILAR DE SANTOS
32616,centro_salud,VILARDEVOS
32557,centro_salud,VILARIÑO DE CONSO
32630,centro_salud,XINZO DE LIMIA
32670,centro_salud,XUNQUEIRA DE AMBIA
32730,centro_salud,X. DE ESPADAÑEDO
36191,centro_salud,BARRO
36930,centro_salud,BUEU
36650,centro_salud,CALDAS DE REIS
36630,centro_salud,CAMBADOS
36110,centro_salud,CAMPOLAMEIRO
36612,centro_salud,CATOIRA
36130,centro_salud,CERDEDO
36856,centro_salud,CARBALLEDO
36120,centro_salud,TENORIO
36670,centro_salud,CUNTIS
36560,centro_salud,SOUTELO DE MONTES
36550,centro_salud,FORCAREI
36980,centro_salud,O GROVE
36626,centro_salud,A ILLA DE AROUSA
36830,centro_salud,A LAMA
36900,centro_salud,MARIN
36913,centro_salud,SEIXO
36968,centro_salud,MEAÑO
36967,centro_salud,DENA
36637,centro_salud,MOSTEIRO
36616,centro_salud,PARADELA
36637,centro_salud,SAN MARTIÑO
36660,centro_salud,MORAÑA
36993,centro_salud,COMBARRO
36992,centro_salud,RAXO
36994,centro_salud,ANAFANS
36820,centro_salud,PONTECALDELAS
36002,centro_salud,VIRXE PEREGRINA
36004,centro_salud,A PARDA
36162,centro_salud,MONTEPORREIRO
36156,centro_salud,LÉREZ
36690,centro_salud,PONTESAMPAIO
36658,centro_salud,PORTAS
36636,centro_salud,RIBADUMIA
36990,centro_salud,VILALONGA
36970,centro_salud,SANXENXO-BALTAR PORTONOVO
36691,centro_salud,ROMARIZ
36690,centro_salud,ARCADE
36141,centro_salud,VILABOA
36141,centro_salud,P.STA CRISTINA DE COBRES
36600,centro_salud,SAN ROQUE-VILAGARCIA
36611,centro_salud,CASA DO MAR VILAXOAN
36620,centro_salud,VILANOVA AROUSA
36614,centro_salud,BAION
36430,centro_salud,ARBO
36300,centro_salud,BAIONA
36940,centro_salud,CANGAS
36945,centro_salud,ALDAN
36887,centro_salud,A CAÑIZA
36948,centro_salud,HIO
36883,centro_salud,VALEIXE
36872,centro_salud,O COVELO
36873,centro_salud,MACEIRA
36420,centro_salud,CRECENTE
36490,centro_salud,FILGUEIRA
36847,centro_salud,FORNELOS
36380,centro_salud,GONDOMAR
36780,centro_salud,A GUARDA
36950,centro_salud,MOAÑA
36955,centro_salud,MEIRA
36957,centro_salud,DOMAIO
36870,centro_salud,MONDARIZ
36890,centro_salud,MONDARIZ-BALNEARIO
36416,centro_salud,MOS
36440,centro_salud,AS NEVES
36350,centro_salud,VAL MIÑOR
36340,centro_salud,PANXON
36794,centro_salud,OIA
36841,centro_salud,PAZOS BORBEN
36860,centro_salud,PONTEAREAS
36400,centro_salud,PORRIÑO
36320,centro_salud,CHAPELA
36800,centro_salud,REDONDELA
36770,centro_salud,O ROSAL
36760,centro_salud,TABAGON-ROSAL
36470,centro_salud,SALCEDA
36450,centro_salud,SALVATERRA
36740,centro_salud,TOMIÑO
36750,centro_salud,GOIAN
36700,centro_salud,TUI
36213,centro_salud,SAN PAIO DE NAVIA
36211,centro_salud,COLMEIRO
36214,centro_salud,LAVADORES
36330,centro_salud,CORUXO
36211,centro_salud,NICOLAS PEÑA
36208,centro_salud,BOUZAS
36205,centro_salud,A DOBLADA
36204,centro_salud,BOLIVIA
36211,centro_salud,LOPEZ MORA
36208,centro_salud,CIS OLIMPIA VALENCIA
36209,centro_salud,COIA
36201,centro_salud,ROSALIA DE CASTRO-BEIRAMAR
36202,centro_salud,CASCO VELLO
36216,centro_salud,TEIS
36214,centro_salud,SARDOMA
36214,centro_salud,BEMBRIVE
36204,centro_salud,RUA CUBA
36213,centro_salud,MATAMA
30820,centro_salud,ALCANTARILLA/CASCO
30820,centro_salud,ALCANTARILLA/SANGONERA LA SECA
30179,centro_salud,BARQUEROS
30835,centro_salud,SANGONERA LA SECA
30840,centro_salud,ALHAMA
30170,centro_salud,MULA
30190,centro_salud,ALBUDEITE
30191,centro_salud,CAMPOS DEL RÍO
30177,centro_salud,CASAS NUEVAS
30178,centro_salud,FUENTE LIBRILLA
30193,centro_salud,PUEBLA DE MULA
30193,centro_salud,YECHAR
30176,centro_salud,PLIEGO
30100,centro_salud,MURCIA/ESPINARDO
30100,centro_salud,EL PUNTAL
30107,centro_salud,GUADALUPE
30005,centro_salud,MURCIA/SAN ANDRÉS
30830,centro_salud,MURCIA/LA ÑORA
30832,centro_salud,JAVALÍ NUEVO
30836,centro_salud,PUEBLA DE SOTO
30166,centro_salud,MURCIA/NONDUERMAS
30168,centro_salud,ERA ALTA
30167,centro_salud,LA RAYA
30165,centro_salud,RINCÓN DE SECA
30169,centro_salud,SAN GINÉS
30150,centro_salud,MURCIA/LA ALBERCA
30151,centro_salud,SANTO ÁNGEL
30157,centro_salud,MURCIA/ALGEZARES
30158,centro_salud,LOS GARRES
30120,centro_salud,MURCIA/EL PALMAR
30153,centro_salud,CAMPO DE CARTAGENA-CORVERA
30592,centro_salud,AVILESES
30155,centro_salud,BAÑOS Y MENDIGO
30590,centro_salud,GEA Y TRUYOLS
30331,centro_salud,LOBOSILLO
30156,centro_salud,LOS MARTÍNEZ DEL PUERTO
30153,centro_salud,MURTA
30590,centro_salud,SUCINA
30154,centro_salud,VALLADOLISES Y LO JURADO
30833,centro_salud,MURCIA/SANGONERA LA VERDE
30152,centro_salud,MURCIA/ALJUCER
30840,centro_salud,LIBRILLA
30205,centro_salud,CARTAGENA/OESTE
30398,centro_salud,TALLANTE
30396,centro_salud,PERÍN
30393,centro_salud,CARTAGENA/MOLINOS MARFAGONES
30394,centro_salud,CANTERAS
30394,centro_salud,LA VAGUADA
30396,centro_salud,CUESTA BLANCA
30397,centro_salud,LA MAGDALENA
30396,centro_salud,LOS PUERTOS SANTA BÁRBARA
30397,centro_salud,SAN ISIDRO
30205,centro_salud,CARTAGENA/SAN ANTON
30310,centro_salud,LOS BARREROS
30310,centro_salud,LOS DOLORES
30300,centro_salud,CARTAGENA/ISAAC PERAL
30594,centro_salud,CARTAGENA/POZO ESTRECHO
30330,centro_salud,EL ALBUJÓN
30330,centro_salud,LAS LOMAS DE ALBUJÓN
30593,centro_salud,LA PALMA
30203,centro_salud,CARTAGENA/ESTE
30395,centro_salud,LA APARECIDA
30395,centro_salud,LA PUEBLA
30202,centro_salud,CARTAGENA/CASCO ANTIGUO
30202,centro_salud,CARTAGENA/SANTA LUCÍA
30351,centro_salud,ALUMBRES
30385,centro_salud,LOS BELONES
30384,centro_salud,ISLAS MENORES (DESPLAZADOS)
30381,centro_salud,EL LLANO DEL BEAL
30202,centro_salud,LOS MATEOS
30383,centro_salud,LOS NIETOS
30368,centro_salud,LOS URRUTIAS
30399,centro_salud,VISTA ALEGRE
30366,centro_salud,EL ALGAR
30320,centro_salud,FUENTE ÁLAMO
30333,centro_salud,LOS ALMAGROS
30332,centro_salud,BALSAPINTADA
30338,centro_salud,LOS CANOVAS
30333,centro_salud,CUEVAS DE REYLLO
30333,centro_salud,EL ESCOBAR
30332,centro_salud,EL ESTRECHO
30334,centro_salud,LAS PALAS
30335,centro_salud,LA PINILLA
30870,centro_salud,MAZARRÓN
30876,centro_salud,CAÑADA DE GALLEGO
30878,centro_salud,LA MAJADA
30875,centro_salud,CAMPOSOL
30360,centro_salud,LA UNIÓN
30364,centro_salud,PORTMÁN
30369,centro_salud,ROCHE
30380,centro_salud,LA MANGA-COSTA CALIDA
30370,centro_salud,CABO DE PALOS
30380,centro_salud,EL CAVANNA (DESPLAZADOS)
30385,centro_salud,PLAYA PARAÍSO
30385,centro_salud,NORTE- EL ESTACIO (DESPLAZADOS)
30860,centro_salud,PUERTO DE MAZARRÓN
30868,centro_salud,ISLA PLANA
30868,centro_salud,LA AZOHÍA
30319,centro_salud,POLÍGONO SANTA ANA
30390,centro_salud,LA ALJORRA
30319,centro_salud,SANTA ANA
30319,centro_salud,MIRANDA
30880,centro_salud,ÁGUILAS/SUR
30800,centro_salud,LORCA/CENTRO
30876,centro_salud,RAMONETE
30878,centro_salud,MORATA
30800,centro_salud,LORCA/SAN DIEGO
30815,centro_salud,MARCHENA
30815,centro_salud,TERCIA
30816,centro_salud,LA HOYA
30800,centro_salud,LORCA/SAN JOSE
30800,centro_salud,LA TORRECILLA
30813,centro_salud,CAMPILLO
30812,centro_salud,LORCA/LA PACA
30812,centro_salud,AVILÉS
30812,centro_salud,COY
30812,centro_salud,DOÑA INÉS
30812,centro_salud,LAS TERRERAS
30810,centro_salud,ZARCILLA DE RAMOS
30814,centro_salud,ZARZADILLA DE TOTANA
30890,centro_salud,PUERTO LUMBRERAS
30893,centro_salud,ALMENDRICOS
30813,centro_salud,LA CAMPANA
30891,centro_salud,ESPARRAGAL
30890,centro_salud,BARRIO FRANCÉS
30850,centro_salud,TOTANA/NORTE
30859,centro_salud,ALEDO
30880,centro_salud,ÁGUILAS/NORTE
30889,centro_salud,CALABARDINA
30800,centro_salud,LORCA/SUTULLENA
30815,centro_salud,AGUADERAS
30815,centro_salud,CAMPO LÓPEZ
30800,centro_salud,CAZALLA
30815,centro_salud,LA ESCUCHA
30813,centro_salud,PURIAS
30800,centro_salud,PUENTE LA PÍA
30850,centro_salud,TOTANA/SUR
30858,centro_salud,PARETÓN
30811,centro_salud,EL CONSEJERO
30800,centro_salud,LA PARROQUIA
30180,centro_salud,BULLAS
30189,centro_salud,LA COPA DE BULLAS
30420,centro_salud,CALASPARRA
30420,centro_salud,VALENTÍN
30400,centro_salud,CARAVACA DE LA CRUZ
30412,centro_salud,CARAVACA / BARRANDA
30410,centro_salud,LA ALMUDEMA
30195,centro_salud,ARCHIVEL
30410,centro_salud,BENABLÓN
30410,centro_salud,CANEJA
30410,centro_salud,LA ENCARNACIÓN
30413,centro_salud,EL MORAL
30412,centro_salud,EL MORALEJO
30410,centro_salud,NAVARES
30410,centro_salud,PINILLA
30410,centro_salud,LOS PRADOS
30411,centro_salud,LOS ROYOS
30410,centro_salud,SINGLA (EL PALICO)
30414,centro_salud,CAÑADA DE LA CRUZ
30430,centro_salud,CEHEGÍN
30439,centro_salud,CAMPILLO DE LOS JIMENEZ
30439,centro_salud,CANARA
30439,centro_salud,CAÑADA DE CANARA
30189,centro_salud,EL CHAPARRAL
30440,centro_salud,MORATALLA
30442,centro_salud,BENIZAR
30441,centro_salud,EL SABINAR
30520,centro_salud,JUMILLA
30659,centro_salud,CAÑADA DEL TRIGO
30520,centro_salud,BARRIO DE SAN JUAN
30510,centro_salud,YECLA/ESTE
30657,centro_salud,RASPAY
30510,centro_salud,YECLA OESTE
30007,centro_salud,MURCIA/VISTA ALEGRE
30009,centro_salud,MURCIA/SANTA MARÍA GRACIA
30110,centro_salud,MURCIA/CABEZO DE TORRES
30110,centro_salud,CHURRA
30003,centro_salud,MURCIA CENTRO (SAN JUAN)
30640,centro_salud,ABANILLA
30648,centro_salud,BARINAS
30648,centro_salud,EL CANTÓN
30648,centro_salud,CAÑADA DE LA LEÑA
30648,centro_salud,MACISVENDA
30560,centro_salud,ALGUAZAS
30560,centro_salud,BARRIO DEL CARMEN (ALGUAZAS)
30560,centro_salud,EL PARAJE
30600,centro_salud,ARCHENA
30609,centro_salud,LA ALGAIDA (ARCHENA)
30611,centro_salud,OJÓS
30610,centro_salud,RICOTE
30612,centro_salud,ULEA
30613,centro_salud,VILLANUEVA DEL SEGURA
30620,centro_salud,FORTUNA
30500,centro_salud,MOLINA NORTE (ANTONIO GARCIA)
30627,centro_salud,CAMPOTÉJAR ALTA
30627,centro_salud,EL FENAZAR
30627,centro_salud,LA HURONA
30509,centro_salud,EL LLANO DE MOLINA
30627,centro_salud,EL RELLANO
30500,centro_salud,JESÚS MARÍN LÓPEZ (BARRIO SAN ROQUE)
30508,centro_salud,LA RIBERA DE MOLINA
30509,centro_salud,TORREALTA
30565,centro_salud,LAS TORRES DE COTILLAS
30565,centro_salud,PULPITES
30562,centro_salud,CEUTÍ
30563,centro_salud,LOS TORRAOS
30564,centro_salud,LORQUI
30007,centro_salud,MURCIA/ZARANDONA
30009,centro_salud,MURCIA/EL RANERO
30500,centro_salud,LA ALCAYNA
30130,centro_salud,BENIEL
30003,centro_salud,MURCIA/VISTABELLA
30570,centro_salud,MURCIA/BENIAJÁN
30589,centro_salud,LOS RAMOS
30570,centro_salud,SAN JOSÉ DE LA VEGA
30579,centro_salud,TORREAGÜERA
30580,centro_salud,MURCIA/ALQUERÍAS
30164,centro_salud,CABEZO DE LA PLATA
30590,centro_salud,CAÑADAS DE SAN PEDRO
30139,centro_salud,EL RAAL
30588,centro_salud,ZENETA
30006,centro_salud,MURCIA/PUENTE TOCINOS
30163,centro_salud,ORILLA DEL AZARBE
30163,centro_salud,EL ESPARRAGAL
30160,centro_salud,MURCIA/MONTEAGUDO
30160,centro_salud,COBATILLAS
30002,centro_salud,MURCIA/BARRIO DEL CARMEN
30010,centro_salud,BARRIOMAR
30011,centro_salud,MURCIA/INFANTE
30011,centro_salud,LOS DOLORES
30140,centro_salud,SANTOMERA
30140,centro_salud,MATANZAS
30012,centro_salud,MURCIA SUR
30012,centro_salud,BARRIO DEL PROGRESO
30012,centro_salud,PATIÑO
30002,centro_salud,MURCIA/FLORIDABLANCA
30161,centro_salud,MURCIA / LLANO DE BRUJAS
30007,centro_salud,CASILLAS
30162,centro_salud,SANTA CRUZ
30730,centro_salud,SAN JAVIER
30739,centro_salud,EL MIRADOR
30720,centro_salud,SANTIAGO DE LA RIBERA
30740,centro_salud,SAN PEDRO DEL PINATAR
30747,centro_salud,LO PAGÁN
30700,centro_salud,TORRE PACHECO/ESTE
30591,centro_salud,BALSICAS
30739,centro_salud,DOLORES DE PACHECO
30592,centro_salud,SAN CAYETANO
30710,centro_salud,LOS ALCÁZARES
30710,centro_salud,LOS NAREJOS
30700,centro_salud,TORRE PACHECO / OESTE / ANTONIO COZAR
30708,centro_salud,EL JIMENADO
30709,centro_salud,ROLDÁN
30550,centro_salud,ABARÁN
30559,centro_salud,HOYA DEL CAMPO
30550,centro_salud,SAN JOSÉ ARTESANO
30530,centro_salud,CIEZA/ESTE
30150,centro_salud,CIEZA/OESTE
30540,centro_salud,BLANCA
30540,centro_salud,ESTACIÓN DE BLANCA
03139,centro_salud,CAMPANAS (CONSULTORIO AUXILIAR)
