codigo_postal,tipo,nombre
46010,supermercado,Mercadona
46006,supermercado,Consum
03015,supermercado,Carrefour
30011,supermercado,Carrefour
15011,supermercado,Gadis
15011,supermercado,Carrefour
15011,supermercado,Eroski
03710,supermercado,Mercadona
03710,supermercado,Mercadona
46015,supermercado,Mercadona
03760,supermercado,Carrefour
03007,supermercado,Carrefour
36202,supermercado,Eroski Center
46035,supermercado,Mercadona
15179,supermercado,Gadis
15001,supermercado,Gadis
15001,supermercado,Mercadona
15008,supermercado,Gadis
30880,supermercado,Carrefour
03760,supermercado,Mercadona
43480,supermercado,Mercadona
30710,supermercado,Consum
15630,supermercado,Gadis
36202,supermercado,Gadis
15005,supermercado,Eroski
43205,supermercado,Consum
46015,supermercado,Consum
46015,supermercado,Mercadona
46015,supermercado,Consum
46015,supermercado,Consum
12539,supermercado,Consum
30430,supermercado,Mercadona
46015,supermercado,Carrefour
46015,supermercado,Mercadona
15705,supermercado,Gadis
15300,supermercado,Gadis
46022,supermercado,Mercadona
43850,supermercado,Mercadona
03007,supermercado,Mercadona
46023,supermercado,Mercadona
15007,supermercado,Gadis
15006,supermercado,Gadis
15008,supermercado,Eroski
15140,supermercado,Eroski City
15002,supermercado,Gadis
15960,supermercado,Mercadona
46004,supermercado,Consum
46004,supermercado,Consum
46006,supermercado,Mercadona
46010,supermercado,Consum
46010,supermercado,Mercadona
32001,supermercado,Mercadona
43204,supermercado,Consum
36940,supermercado,Eroski
03182,supermercado,Mercadona
15009,supermercado,Gadis
46100,supermercado,Consum
30870,supermercado,Consum
30510,supermercado,Consum
46390,supermercado,Eroski
46020,supermercado,Mercadona
46011,supermercado,Consum
15864,supermercado,Mercadona
30008,supermercado,Consum
15320,supermercado,Gadis
15011,supermercado,Gadis
30506,supermercado,Consum
46970,supermercado,Consum
46970,supermercado,Consum
15220,supermercado,Mercadona
15930,supermercado,Mercadona
46950,supermercado,Consum
46950,supermercado,Mercadona
46011,supermercado,Mercadona
27003,supermercado,Eroski
27003,supermercado,Gadis
15009,supermercado,Eroski
15007,supermercado,Mercadona
30140,supermercado,Mercadona
15160,supermercado,Eroski
32005,supermercado,Mercadona
32005,supermercado,Gadis
15002,supermercado,Gadis
03204,supermercado,Mercadona
15270,supermercado,Gadis
46920,supermercado,Consum
46920,supermercado,Consum
46910,supermercado,Consum
15003,supermercado,Carrefour Express
46008,supermercado,Mercadona
15175,supermercado,Eroski City
15172,supermercado,Gadis
15670,supermercado,Gadis
43850,supermercado,Mercadona
43840,supermercado,Alcampo
15510,supermercado,Eroski
15270,supermercado,Carrefour
30002,supermercado,Mercadona
15008,supermercado,Mercadona
15179,supermercado,Gadis
15006,supermercado,Gadis
15009,supermercado,Gadis
15173,supermercado,Gadis
46035,supermercado,Consum
15004,supermercado,Gadis
46950,supermercado,Consum
15006,supermercado,Mercadona
46002,supermercado,Mercadona
32300,supermercado,Gadis
36207,supermercado,Eroski
36206,supermercado,Gadis
36205,supermercado,Mercadona
36206,supermercado,Eroski
36206,supermercado,Gadis
46520,supermercado,Consum
46780,supermercado,Consum
15004,supermercado,Gadis
15005,supermercado,Gadis
15004,supermercado,Gadis
15006,supermercado,Gadis
15630,supermercado,Eroski
46136,supermercado,Mercadona
15142,supermercado,Eroski
15142,supermercado,Gadis
15100,supermercado,Gadis
43850,supermercado,Mercadona
15004,supermercado,Gadis
15003,supermercado,Gadis
15003,supermercado,Gadis
15010,supermercado,Gadis
15010,supermercado,Gadis
15010,supermercado,Gadis
15010,supermercado,Gadis
03004,supermercado,Mercadona
36204,supermercado,Gadis
36204,supermercado,Eroski
46011,supermercado,Consum
30007,supermercado,Mercadona
43003,supermercado,Carrefour Market
46389,supermercado,Consum
30400,supermercado,Consum
30876,supermercado,Consum
30591,supermercado,Eroski
30800,supermercado,Consum
30880,supermercado,Eroski City
30594,supermercado,Consum
30740,supermercado,Consum
30820,supermercado,Consum
30500,supermercado,Consum
30005,supermercado,Consum
30009,supermercado,Consum
46022,supermercado,Consum
46010,supermercado,Consum
46001,supermercado,Consum
46910,supermercado,Consum
46005,supermercado,Mercadona
03502,supermercado,Consum
15406,supermercado,Gadis
36209,supermercado,Gadis
46780,supermercado,Mercadona
15350,supermercado,Eroski
46007,supermercado,Consum
15145,supermercado,Gadis
15129,supermercado,Gadis
30011,supermercado,Mercadona
15008,supermercado,Gadis
46740,supermercado,Consum
15007,supermercado,Gadis
36800,supermercado,Eroski
12150,supermercado,Consum
15706,supermercado,Gadis
03503,supermercado,Consum
03501,supermercado,Consum
15009,supermercado,Alcampo
15008,supermercado,Carrefour
15703,supermercado,Gadis
15007,supermercado,Gadis
03550,supermercado,Consum
15220,supermercado,Gadis
36005,supermercado,Eroski
36520,supermercado,Eroski
36201,supermercado,Gadis
15190,supermercado,Eroski
46210,supermercado,Consum
15007,supermercado,Gadis
15004,supermercado,Eroski
15006,supermercado,Gadis
12540,supermercado,Consum
03204,supermercado,Consum
30319,supermercado,Consum
46250,supermercado,Consum
46018,supermercado,Consum
46025,supermercado,Consum
46025,supermercado,Mercadona
46022,supermercado,Mercadona
15011,supermercado,Eroski
46021,supermercado,Mercadona
15006,supermercado,Gadis
15001,supermercado,Gadis
15010,supermercado,Eroski
46009,supermercado,Mercadona
15005,supermercado,Gadis
46940,supermercado,Mercadona
46007,supermercado,Mercadona
46900,supermercado,Mercadona
46900,supermercado,Mercadona
46900,supermercado,Mercadona
46900,supermercado,Consum
46900,supermercado,Consum
46900,supermercado,Consum
46900,supermercado,Consum
46900,supermercado,Consum
46900,supermercado,Consum
36201,supermercado,Eroski
15960,supermercado,Gadis
15570,supermercado,Gadis
36203,supermercado,Gadis
46600,supermercado,Consum
36001,supermercado,Gadis
12600,supermercado,Mercadona
32001,supermercado,Eroski
12003,supermercado,Consum
12593,supermercado,Mercadona
12003,supermercado,Consum
46018,supermercado,Consum
36969,supermercado,Mercadona
03700,supermercado,Consum
46018,supermercado,Mercadona
46018,supermercado,Consum
12005,supermercado,Mercadona
32700,supermercado,Eroski City
43205,supermercado,Consum
46680,supermercado,Consum
46680,supermercado,Consum
15705,supermercado,Gadis
46002,supermercado,Consum
32001,supermercado,Eroski
03184,supermercado,Consum
36680,supermercado,Gadis
03440,supermercado,Mercadona
32500,supermercado,Gadis
46017,supermercado,Consum
46910,supermercado,Consum
12400,supermercado,Consum
46117,supermercado,Eroski City
03550,supermercado,Consum
36950,supermercado,Carrefour Market
12500,supermercado,Mercadona
46007,supermercado,Consum
03360,supermercado,Mercadona
03360,supermercado,Consum
30300,supermercado,Consum
30310,supermercado,Consum
46920,supermercado,Mercadona
30850,supermercado,Mercadona
30850,supermercado,Consum
12600,supermercado,Consum
15008,supermercado,Mercadona
46470,supermercado,Consum
46930,supermercado,Mercadona
12593,supermercado,Consum
46013,supermercado,Carrefour Express
46019,supermercado,MERCADONA
36214,supermercado,Alcampo
15147,supermercado,Carrefour
15200,supermercado,Eroski
46400,supermercado,Mercadona
32350,supermercado,Eroski
32317,supermercado,Gadis
46600,supermercado,Carrefour
03320,supermercado,Consum
15008,supermercado,Eroski
46100,supermercado,Mercadona
46970,supermercado,Mercadona
15172,supermercado,Alcampo
15009,supermercado,Gadis
15008,supermercado,Gadis
46117,supermercado,Consum
03177,supermercado,Consum
15142,supermercado,Gadis
15142,supermercado,Eroski
15173,supermercado,Mercadona
43204,supermercado,Carrefour
43007,supermercado,Mercadona
15160,supermercado,Gadis
30570,supermercado,Mercadona
46970,supermercado,Mercadona
15320,supermercado,Eroski
03780,supermercado,Mercadona
46210,supermercado,Consum
12598,supermercado,Mercadona
15707,supermercado,Mercadona
46210,supermercado,Mercadona
15171,supermercado,Carrefour
12580,supermercado,Mercadona
15330,supermercado,Gadis
46183,supermercado,Mercadona
15670,supermercado,Eroski
46980,supermercado,Mercadona
15300,supermercado,Eroski
43700,supermercado,Mercadona
43820,supermercado,Mercadona
15100,supermercado,Alcampo
46184,supermercado,Consum
15189,supermercado,Mercadona
46970,supermercado,Mercadona
03581,supermercado,Consum
46520,supermercado,Consum
03580,supermercado,Mercadona
15179,supermercado,Mercadona
30180,supermercado,Consum
15270,supermercado,Mercadona
15270,supermercado,Eroski
15270,supermercado,Gadis
30700,supermercado,Consum
30320,supermercado,Consum
30420,supermercado,Consum
43740,supermercado,Mercadona
46200,supermercado,Consum
03710,supermercado,Consum
12530,supermercado,Mercadona
12530,supermercado,Consum
46440,supermercado,Consum
46300,supermercado,Mercadona
46026,supermercado,Mercadona
36143,supermercado,Carrefour
46740,supermercado,Consum
30007,supermercado,Mercadona
46190,supermercado,Consum
03158,supermercado,Consum
15185,supermercado,Eroski City
15121,supermercado,Eroski
43800,supermercado,Carrefour Market
46017,supermercado,Mercadona
46190,supermercado,Consum
46930,supermercado,Consum
15171,supermercado,Gadis
46190,supermercado,Mercadona
46520,supermercado,Mercadona
12550,supermercado,Mercadona
15100,supermercado,Mercadona
15129,supermercado,Eroski
15220,supermercado,Gadis
46450,supermercado,Mercadona
46200,supermercado,Consum
46470,supermercado,Mercadona
36600,supermercado,Mercadona
46910,supermercado,Mercadona
46470,supermercado,Mercadona
36860,supermercado,Mercadona
36969,supermercado,Gadis
36900,supermercado,Mercadona
03502,supermercado,Mercadona
03204,supermercado,Mercadona
46120,supermercado,Consum
46760,supermercado,Consum
46760,supermercado,Mercadona
36213,supermercado,Eroski
46117,supermercado,Consum
46900,colegio,Institut d'Educació Secundària Marxadella
03690,colegio,Grupo ESOC - Prevención Riesgos Laborales
30399,colegio,Colegio de Educación Infantil y Primaria Cartago
15008,colegio,Instituto de Educación Secundaria Elviña
15008,colegio,Colexio de Educación Infantil e Primaria Alborada
03007,colegio,Autoescuela Tosal
43004,colegio,Escola Pau Delclòs
12006,colegio,Escuela de Oficios de Castellón
46701,colegio,Reial Col·legi de l'Escola Pia
03610,colegio,Centre Públic de Formació de Persones Adultes Carles Salvador
03160,colegio,Academia Harvard
03160,colegio,Centro de Estudios Almoradí
36770,colegio,Centro Rural Agrupado María Zambrano - Pías
46220,colegio,Col·legi Internacional Ausiàs March
30009,colegio,Colegio de Educación Infantil y Primaria Puente de Doñana
30509,colegio,Colegio Los Olivos
12110,colegio,Centre Públic de Formació de Persones Adultes Tirant lo Blanc - Josep Miralles
12004,colegio,International English School of Castellón
03004,colegio,Centro Municipal de Formación de Personas Adultas FPA
30390,colegio,Colegio de Educación Infantil y Primaria Miguel De Cervantes
36202,colegio,Kame Academia de Cómic
36206,colegio,Colexio San Fermín
36206,colegio,Colexio Quiñones de León
46388,colegio,"Colegio Publico ""Enrrique Tierno Galvan"""
30163,colegio,Instituto Montepinar
46026,colegio,"Centre Privat d'Educació Infantil, Primària i Secundària Martí Sorolla"
36940,colegio,Centro de estudos Cangas
46003,colegio,Escolania Nuestra Señora de los Desamparados
36207,colegio,Escuela Infantil
46009,colegio,Colegio Diocesano San Juan Bosco
46010,colegio,Colegio Aula 3
15703,colegio,Colexio Privado Plurilingüe Juventud
03439,colegio,Granja Escuela ALTALLUNA
27002,colegio,Colexio de Educación Infantil e Primaria Anexa
03108,colegio,Col·legi d'Educació Infantil i Primària la Torre de les Maçanes
32800,colegio,Instituto de Educación Secundaria Celanova Celso Emilio Ferreiro
15706,colegio,CESOGA
36205,colegio,FutbolXogo
30440,colegio,EuroProyectos Formativos
03550,colegio,Escuela Infantil Neptú
36318,colegio,Centro De Educación Especial Saladino Cortizo
43811,colegio,Escola Mare de Déu de l'Esperança - ZER La Parellada
46392,colegio,Colegio Público Vicente Aleixandre
15155,colegio,A Galiña Azul
32003,colegio,Academia arrobaPi
03005,colegio,Alinur - Centro de Educación Especial para personas con Discapacidad Intelectual
03185,colegio,Academia Miralles
03193,colegio,Montessori San Miguel
03698,colegio,Centre Municipal de Formació de Persones Adultes d'Agost
46140,colegio,Centro de Formación para Personas Adultas Jaime I
03182,colegio,Centro de Estudios Königin
12160,colegio,Institut d'Educació Secundària Pere Enric Barreda i Edo
03690,colegio,Mètric autoescuela
30430,colegio,Centro de Educación Infantil y Primaria Ciudad de Begastri
30430,colegio,Instituto de Educación Secundaria Alquipir
46960,colegio,Formació de Persones Adultes Clara Campoamor
46960,colegio,Centre d'Arts i Oficis d'Aldaia
36980,colegio,Escuela Rías Bajas
36161,colegio,Centro Integrado de Formación Profesional Carlos Oroza
03790,colegio,Col·legi d'Educació Infantil i Primària El Castellet
03710,colegio,Centre de Formació de Persones Adultes de Calp
03700,colegio,Impakto
03550,colegio,Centro de estudios Jaime I
46011,colegio,Colegio Pureza de María-Grao
03759,colegio,Col·legi d'Educació Infantil i Primària Mestral
03184,colegio,
12160,colegio,Col·legi d'Educació Infantil i Primària Alcalde Fabregat
43320,colegio,Escola Santa Marina
03300,colegio,Academia Aula 13
30430,colegio,Escuela de Arte Colectivo de Artistas Plásticos
43530,colegio,Escola Joan Baptista Serra
15190,colegio,Enxeño Labs
15006,colegio,Laix Universal
43800,colegio,Escola Enxaneta
43500,colegio,Aula 2000
12526,colegio,Secció d'Educació Secundària de l'IES Gilabert de Centelles
12132,colegio,Secció d'Educació Secundària de l'IES la Vall d'Alba
43151,colegio,Institut Els Pallaresos
15009,colegio,CESFOREM Formación
15168,colegio,Colexio de Educación Infantil e Primaria Plurilingüe O Mosteirón
03820,colegio,Centre Públic de Formació de Persones Adultes Beniassent
36002,colegio,Newton
46230,colegio,Colegi Sagrat Cor de Jesus Alginet
46940,colegio,Escola de Persones Adultes Menicili
46100,colegio,Escuela Infantil Municipal Llumenetes I
46800,colegio,Nuestra Señora de la Seo
46169,colegio,CEIP Alt Carraixet (Mestre Ferran Zurriaga)
30850,colegio,IES Juan de la Cierva y Codorniú
46010,colegio,Academia la Pagoda - FEDELE Valencia
43411,colegio,Escola de Blancafort Zer Poblet
46010,colegio,Col·legi d'Educació Infantil i Primària Primer Marqués del Túria
46014,colegio,Col·legi d'Educació Infantil i Primària Nicolau Primitiu Gómez Serrano
46014,colegio,Col·legi d'Educació Infantil i Primària Sant Isidre
46021,colegio,Col·legi d'Educació Infantil i Primària Vicente Gaos
46960,colegio,Institut d'Educació Secundària Carles Salvador
03540,colegio,Escuela Europea de Alicante
03680,colegio,Col·legi d'Educació Infantil i Primària Perpetuo Socorro
03015,colegio,Institut d'Educació Secundària Jaime II
03007,colegio,Institut d'Educació Secundària Josep Antoni Cavanilles Cavanilles
46022,colegio,Conservatori Superior de Dansa de València Nacho Duato
46023,colegio,Institut d'Educació Secundària Districte Marítim
46018,colegio,Col·legi d'Educació Infantil i Primària 9 d'Octubre
46113,colegio,Centre Concertat Sant Jaume Apòstol
46113,colegio,Centre Concertat Sant Jaume Apòstol
03011,colegio,Centre Integrat Públic de Formació Professional Leonardo da Vinci
03011,colegio,Institut d'Educació Secundària Verge del Remei
12560,colegio,Institut d'Educació Secundària Violant de Casalduch
12560,colegio,Col·legi d'Educació Infantil i Primària Santa Àgueda
15600,colegio,Centro Integrado de Formación Profesional Fraga do Eume
03550,colegio,Institut d'Educació Secundària Luis García Berlanga
03012,colegio,Colegio Diocesano San José de Carolinas
46980,colegio,Escuela profesional La Salle
46960,colegio,Colegio Mariano Serra
03560,colegio,Col·legi d'Educació Infantil i Primària El Fabraquer
12005,colegio,Col·legi d'Educació Infantil i Primària Censal
12004,colegio,Col·legi d'Educació Infantil i Primària Castàlia
12003,colegio,Col·legi d'Educació Infantil i Primària Enriqueta Agut
12003,colegio,Institut d'Educació Secundària Penyagolosa
12003,colegio,Institut d'Educació Secundària Vicent Sos Baynat
12003,colegio,Col·legi d'Educació Infantil i Primària Mestre Canós Sanmartín
12003,colegio,Ágora Lledó International School
15406,colegio,Centro Integrado de Formación Profesional Rodolfo Ucha Piñeiro
12550,colegio,Institut d'Educació Secundària Vila-roja
12550,colegio,Col·legi d'Educació Infantil i Primària Germans Ochando
15401,colegio,Colexio Privado Cristo Rey
15401,colegio,Instituto de Educación Secundaria Ferrol Vello
15404,colegio,Colexio Privado Sagrado Corazón Madres Mercedarias
15404,colegio,Colexio de Educación Infantil e Primaria Ponzos
15405,colegio,Colexio Privado Plurilingüe Valle Inclán 1
12530,colegio,Col·legi Salesià
12530,colegio,Col·legi d'Educació Infantil i Primària Penyagolosa
15704,colegio,Colexio Privado Plurilingüe de La Salle
03300,colegio,Colegio Jesús María San Agustín
12540,colegio,Colegio Virgen del Carmen
03660,colegio,Institut d'Educació Secundària La Mola
03791,colegio,Col·legi d'Educació Infantil i Primària Cavall Verd
03300,colegio,Seminario Diocesano de San Miguel
12200,colegio,Institut d'Educació Secundària el Torrelló
15702,colegio,Instituto de Educación Secundaria de Sar
12600,colegio,Col·legi d'Educació Infantil i Primària Recaredo Centelles
12600,colegio,Institut d'Educació Secundària Honori Garcia
12600,colegio,Institut d'Educació Secundària Botànic Cavanilles
46760,colegio,Col·legi d'Educació Infantil i Primària Alfàndec
30011,colegio,Colegio de Educación Infantil y Primaria Ciudad de Murcia
30011,colegio,Instituto de Educación Secundaria Mariano Baquero Goyanes
30011,colegio,Instituto de Educación Secundaria Floridablanca
30011,colegio,Instituto de Educación Secundaria Saavedra Fajardo
30009,colegio,Colegio de Educación Infantil y Primaria Maestro José Castaño
30012,colegio,Colegio de Educación Infantil y Primaria Francisco Giner de los Rios
03206,colegio,Institut d'Educació Secundària Severo Ochoa
03206,colegio,Institut d'Educació Secundària Joanot Martorell
30310,colegio,Colegio de Educación Infantil y Primaria San Cristóbal
30310,colegio,Instituto de Educación Secundaria El Bohío
03005,colegio,Col·legi d'Educació Infantil i Primària San Fernando
03203,colegio,Institut d'Educació Secundària Sixto Marco
30205,colegio,Colegio de Educación Infantil y Primaria Antonio de Ulloa
30310,colegio,Colegio de Educación Infantil y Primaria Nuestra Señora de los Dolores
30202,colegio,Colegio de Educación Infantil y Primaria Aníbal
30204,colegio,Colegio de Educación Infantil y Primaria Vicente Ros
30203,colegio,
30393,colegio,Colegio de Educación Infantil y Primaria Poeta Antonio Oliver
15703,colegio,Instituto de Ensino Secundario Antonio Fraguas Fraguas
46980,colegio,Lycée Français de Valence
46010,colegio,Deutsche Schule Valencia
46006,colegio,British School of Valencia
46111,colegio,Cambridge House Community College
15702,colegio,Centro Integrado de Formación Profesional Compostela
15200,colegio,Colexio de Educación Infantil e Primaria Felipe de Castro
46600,colegio,Institut d'Educació Secundària Rei En Jaume I
15705,colegio,Escola Infantil de Meixonfrío-Os Salgueiriños
03700,colegio,Col·legi d'Educació Infantil i Primària Cervantes
36900,colegio,Colexio San Narciso
36208,colegio,Colexio de Educación Infantil e Primaria Emilia Pardo Bazán
36208,colegio,Instituto de Educación Secundaria Politécnico de Vigo
15008,colegio,Instituto de Educación Secundaria Ramón Otero Pedrayo
15008,colegio,Colexio de Educación Infantil e Primaria Ramón de la Sagra
15008,colegio,Colexio de Educación Infantil e Primaria María Pita
15896,colegio,Escola de Educación Infantil do Gaioso
15703,colegio,Escola de Arte e Superior de Deseño Mestre Mateo
15007,colegio,Instituto de Educación Secundaria Urbano Lugrís
15940,colegio,EEI Fernández Varela
03296,colegio,Col·legi d'Educació Infantil i Primària Els Garrofers
46960,colegio,Institut d'Educació Secundària Salvador Gadea
27740,colegio,Instituto de Educación Secundaria Plurilingüe San Rosendo
15706,colegio,Colexio de Educación Infantil e Primaria Plurilingüe Cardeal Quiroga Palacios
03700,colegio,Centre d'Educació Especial Raquel Payà
36209,colegio,Colexio de Educación Infantil e Primaria Plurilingüe Seis do Nadal
36213,colegio,Colexio de Educación Infantil e Primaria Mestres Goldar
36203,colegio,Instituto de Educación Secundaria do Castro
36216,colegio,Instituto de Educación Secundaria de Teis
15706,colegio,Instituto de Educación Secundaria Eduardo Pondal
36202,colegio,HH. Carmelitas
36214,colegio,Colexio de Educación Infantil e Primaria Lope de Vega
15510,colegio,Colexio de Eduación Infantil e Primaria de Maciñeira
03203,colegio,Institut d'Educació Secundària Victoria Kent
03005,colegio,Institut d'Educació Secundària 8 de Marzo
27500,colegio,Colexio de Educación Infantil e Primaria Plurilingüe Eloísa Rivadulla
46022,colegio,Col·legi Explorador Andrés
03203,colegio,Institut d'Educació Secundària Cayetano Sempere
03203,colegio,Institut d'Educació Secundària Pere Ibarra
46015,colegio,Escuelas de San José - Jesuitas
46015,colegio,Colegio Sagrada Familia
36860,colegio,Instituto de Educación Secundaria do Barral
46119,colegio,Institut d'Educació Secundària Carmen Roca
46015,colegio,Colegio Niño Jesús
15009,colegio,Centro Privado Plurilingüe Liceo La Paz
27695,colegio,Centro de Formación e Experimentación Agroforestal de Becerreá
03750,colegio,Institut d'Educació Secundària de Pedreguer
15705,colegio,Escola Oficial de Idiomas de Santiago de Compostela
46035,colegio,Col·legi d'Educació Infantil i Primària Camí de l'Horta
46022,colegio,Institut d'Educació Secundària Sorolla
46022,colegio,Col·legi d'Educació Primària Aiora
15707,colegio,Colexio de Educación Infantil e Primaria Plurilingüe Monte dos Postes
15707,colegio,Instituto de Educación Secundaria As Fontiñas
46450,colegio,Col·legi d'Educació Infantil i Primària Santa Bàrbara
36207,colegio,Instituto de Educación Secundaria República Oriental do Uruguai
36201,colegio,Colexio de Educación Infantil e Primaria Vicente Risco
46014,colegio,Col·legi d'Educació Infantil i Primària Eliseo Vidal
46015,colegio,Institut d'Educació Secundària Benicalap
46015,colegio,Col·legi d'Educació Infantil i Primària Lluís Guarner
46025,colegio,Col·legi d'Educació Infantil i Primària Ciudat Artista Faller
03203,colegio,Colegio la Devesa
46024,colegio,Col·legi d'Educació Infantil i Primària Ausiàs March
46009,colegio,Col·legi Maria Inmaculada
36216,colegio,Colexio de Educación Infantil e Primaria Plurilingüe Frián-Teis
15172,colegio,Colexio de Educación Infantil e Primaria Valle Inclán
15172,colegio,Instituto de Educación Secundaria Plurilingüe Xosé Neira Vilas
43007,colegio,La Salle Tarragona
03139,colegio,Col·legi d'Educació Infantil i Primària la Vallverda
46940,colegio,Col·legi d'Educació Infantil i Primària Enric Valor i Vives
46760,colegio,Institut d'Educació Secundària la Valldigna
46760,colegio,Col·legi Sant Josep Patronat
46760,colegio,Col·legi d'Educació Infantil i Primària Sant Miquel
46760,colegio,Col·legi d'Educació Infantil i Primària Divina Aurora
46023,colegio,Col·legi Trafalgar
46021,colegio,Parque Colegio Santa Ana
36001,colegio,Instituto de Educación Secundaria Valle-Inclán
36002,colegio,Colexio de Educación Infantil e Primaria Froebel
36001,colegio,Instituto de Educación Secundaria Sánchez Cantón
36005,colegio,Instituto de Educación Secundaria A Xunqueira II
36002,colegio,"Colexio Concertado Plurilingüe Nosa Señora dos Dolores, Irmás de Santa Dorotea"
46022,colegio,Colegio concertado La Anunciación
15008,colegio,Instituto de Educación Secundaria A Sardiñeira
36209,colegio,Colexio de Educación Infantil e Primaria Escultor Acuña
03370,colegio,Instituto Educación Secundaria Jaime de Sant-Ángel
03610,colegio,Col·legi d'Educació Infantil i Primària La Foia
03610,colegio,Institut d'Educació Secundària La Canal
03610,colegio,Col·legi d'Educació Infantil i Primària 9 d'Octubre
03610,colegio,Col·legi d'Educació Infantil i Primària Reina Sofia
03610,colegio,Col·legi d'Educació Infantil i Primària Reis Catòlics
36204,colegio,Colexio Privado Fogar Afundación
36800,colegio,Centro de Educación Primaria Plurilingüe Santa Mariña
36800,colegio,Escola de Educación Infantil A Marisma
36800,colegio,Instituto de Educación Secundaria Pedro Floriani
03610,colegio,Col·legi d'Educació Primària Rambla dels Molins
03610,colegio,Col·legi d'Educació Infantil i Primària Virrei Poveda
03440,colegio,Col·legi d'Educació Infantil i Primària Madre Felicidad Bernabeu
03440,colegio,Col·legi d'Educació Infantil i Primària Cervantes
03610,colegio,Institut d'Educació Secundària Poeta Paco Mollá
03610,colegio,Institut d'Educació Secundària Azorín
03610,colegio,Centro Santo Domingo Savio
03600,colegio,Colegio Sagrada Familia
03140,colegio,Col·legi d'Educació Infantil i Primària Molivent
03140,colegio,Institut d'Educació Secundària Les Dunes
03600,colegio,Col·legi d'Educació Infantil i Primària Miguel Servet
27700,colegio,Centro de Educación Infantil e Primaria Plurilingüe Gregorio Sanz
27700,colegio,Instituto de Educación Secundaria de Ribadeo Dionisio Gamallo
27700,colegio,Centro Integrado Formación Profesional Porta da Agua
46620,colegio,Instituto de Educación Secundaria Fernando III
46620,colegio,Colegio Público Isidro Girant
03700,colegio,Colegio Alfa & Omega
27850,colegio,Colexio de Educación Primaria Lois Tobío
32001,colegio,Colexio de Educación Infantil e Primaria A Ponte
32001,colegio,Instituto de Educación Secundaria 12 de Outubro
32005,colegio,Colexio das Xosefinas
32005,colegio,Instituto de Ensino Secundario Otero Pedrayo
32005,colegio,Centro Integrado de Formación Profesional A Farixa
32002,colegio,Gardaría Infantil do Couto
32003,colegio,Colexio Privado Plurilingüe María Auxiliadora
32003,colegio,Colexio de Educación Infantil e Primaria Plurilingüe Curros Enríquez
32002,colegio,Instituto de Educación Secundaria Universidade Laboral
32003,colegio,Colexio Maristas Santa María
32004,colegio,Instituto de Educación Secundaria As Lagoas
36681,colegio,
36689,colegio,
46022,colegio,Institut d'Ensenyament Secundari Serpis
32002,colegio,Colexio de Educación Infantil e Primaria Manuel Luís Acuña
03205,colegio,Institut d'Educació Secundària Nit de l'Albà
15113,colegio,Colexio de Educación Infantil e Primaria Milladoiro
46980,colegio,Institut d'Educació Secundària Henri Matisse
46460,colegio,Col·legi d'Educació Infantil i Primària El Patí
27800,colegio,Instituto de Educación Secundaria Lois Peña Novo
46600,colegio,Institut d'Educació Secundària José María Parra
46600,colegio,Col·legi La Puríssima Germanes Franciscanes
36214,colegio,Instituto de Educación Secundaria Ricardo Mella
46780,colegio,Col·legi d'Educació Infantil i Primària Hort de Palau
36215,colegio,Instituto de Educación Secundaria Carlos Casares
46650,colegio,Institut d'Educació Secundària Sivera Font
36875,colegio,Escola de Música Municipal de Mondariz
03160,colegio,Colegio Público Pascual Andreu
46021,colegio,Col·legi d'Educació Infantil i Primària Federico García Lorca
15009,colegio,Instituto de Educación Secundaria Monelos
36209,colegio,Instituto de Educación Secundaria Alexandre Bóveda
36209,colegio,Instituto de Educación Secundaria Álvaro Cunqueiro
36209,colegio,Colexio Montesol
46009,colegio,Col·legi d'Educació Infantil i Primària Max Aub
46008,colegio,Institut d'Educació Secundària Cid Campeador
46018,colegio,Col·legi d'Educació Infantil i Primària 8 de Març
46009,colegio,Comenius Centre Educatiu
03140,colegio,Col·legi d'Educació Infantil i Primària Reis Catòlics
03204,colegio,Institut d'Educació Secundària Tirant lo Blanc
03205,colegio,Institut d'Educació Secundària Carrús
03205,colegio,Colegio Concertado sagrada familia
32760,colegio,Centro Público Integrado Virxe dos Remedios
43470,colegio,Escola Abel Ferrater
36001,colegio,Colexio de Educación Infantil e Primaria Álvarez Limeses
43424,colegio,Escola Salvador Ninot
15403,colegio,Instituto de Ensinanza Secundaria Sofía Casanova
15406,colegio,Colexio Privado La Salle
15406,colegio,EPAPU Santa María de Caranza
15405,colegio,Colexio de Educación Infantil e Primaria San Xoán de Filgueira
15405,colegio,Centro Integrado de Formación Profesional Leixa
36001,colegio,Escola de Educación Infantil Concepción Crespo Rivas
36001,colegio,Colexio de Educación Infantil e Primaria Campolongo
15593,colegio,Colexio de Educación Infantil e Primaria A Laxe
36003,colegio,Instituto de Ensino Secundario Frei Martín Sarmiento
15011,colegio,Centro Privado Calasanz - PP Escolapios
03170,colegio,Instituto de Educación Secundaria La Encantá
03804,colegio,Institut d'Educació Secundària Cotes Baixes
46701,colegio,Col·legi d'Educació Infantil i Primària Botànic Cavanilles
46702,colegio,Institut d'Educació Secundària Maria Enríquez
43460,colegio,Institut Fonts del Glorieta
43460,colegio,Escola Mare de Déu del Remei
32003,colegio,Colexio de Educación Infantil e Primaria Mestre Vide
36470,colegio,Centro de Ensinanza Primaria Altamira
43550,colegio,Escola Ramón y Cajal
43550,colegio,Institut Manuel Sales i Ferré
46910,colegio,Institut d'Educació Secundària Sedaví
03203,colegio,Institut d'Educació Secundària La Asunción
03550,colegio,Col·legi d'Educació Infantil i Primària Rajoletes
30010,colegio,Colegio de Educación Infantil y Primaria Santiago el Mayor
46019,colegio,Institut d'Educació Secundària Rascanya-Antonio Cañuelo
46019,colegio,Col·legi d'Educació Infantil i Primària Professor Bartolomé Cossio
15570,colegio,Colexio Privado Santiago Apóstolo
46035,colegio,Colegio el Ave María
03750,colegio,Col·legi d'Educació Infantil i Primària l'Alfàs
46210,colegio,Col·legi d'Educació Infantil i Primària Ausiàs March
46210,colegio,Col·legi d'Educació Infantil i Primària Baladre
46210,colegio,Institut d'Educació Secundària Enric Valor
15008,colegio,Centro Privado Montegrande
46020,colegio,Institut d'Educació Secundària Francesc Ferrer i Guàrdia
46020,colegio,Col·legi d'Educació Infantil i Primària Pare Català
15897,colegio,Centro Superior de Hostalaría de Galicia
46667,colegio,Col·legi d'Educació Infantil i Primària Carles Salvador
30580,colegio,Instituto de Educación Secundaria José Luis Martínez Palomo
12400,colegio,Instituto de Educación Secundaria Cueva Santa
12400,colegio,Instituto de Educación Secundaria Alto Palancia
36789,colegio,Colexio de Educación Infantil e Primaria A Sangriña
30430,colegio,Colegio de Educación Infantil y Primaria Pérez Villanueva
30430,colegio,Instituto de Educación Secundaria Vega del Argos
46960,colegio,Col·legi d'Educació Infantil i Primària El Rajolar
36770,colegio,Centro Público Integrado Manuel Suárez Marquier
27780,colegio,Instituto de Educación Secundaria de Foz
15350,colegio,Instituto de Educación Secundaria Punta Candieira
15350,colegio,Colexio de Educación Infantil e Primaria Nicolás del Río
15350,colegio,Escola Infantil de Cedeira - A Galiña Azul
27003,colegio,Colexio de Educación Infantil e Primaria Paradai
15155,colegio,Colexio de Educación Infantil e Primaria Mar de Fóra
15011,colegio,Centro Privado Plurilingüe Compañía de María
15330,colegio,Colexio de Educación Infantil e Primaria José María Lage
36213,colegio,Colexio de Educación Infantil e Primaria Plurlingüe Párroco Don Camilo
46220,colegio,Escola Les Carolines
46019,colegio,Col·legi d'Educació Infantil i Primària Torrefiel
15707,colegio,Centro de Negocios Costa Vella
03720,colegio,Institut d'Educació Secundària Josep Iborra
46136,colegio,Secció d'Educació Secundària de Massamagrell a Museros
46136,colegio,Escola La Masia
03760,colegio,Institut d'Educació Secundària Xebic
03360,colegio,Instituto de Educación Secundaria Santiago Grisolía
43820,colegio,Institut Camí de Mar
36950,colegio,Instituto de Educación Secundaria As Barxas
46630,colegio,Col·legi d'Educació Infantil i Primària Mare de Deu dels Xics
15220,colegio,Centro de Educación Infantil e Primaria A Maía
15256,colegio,Centro Público Integrado Plurilingüe da Picota
15256,colegio,Colexio de Educación Infantil e Primaria Víctor Sáenz
15238,colegio,Colexio de Educación Infantil e Primaria O Pino de Val
15011,colegio,Centro Privado Plurilingüe Calasancias
30150,colegio,Colegio de Educación Infantil y Primaria El Molinico
36570,colegio,Colexio de Educación Infantil e Primaria Ramón de Valenzuela
46008,colegio,Col·legi d'Educació Infantil i Primària Cervantes
15570,colegio,Colexio de Educación Infantil e Primaria A Solaina
27860,colegio,Colexio de Educación Infantil e Primaria do Vicedo
36410,colegio,"Escola de Educación Infantil de Torneiros ""A Galiña Azul"""
15619,colegio,Centro Público Integrado Plurilingüe Virxe da Cela
36780,colegio,Colexio Padres Somascos
15011,colegio,Instituto de Educación Secundaria Salvador de Madariaga
46950,colegio,Col·legi d'Educació Infantil i Primària Antonio Machado
46022,colegio,Col·legi d'Educació Infantil i Primària Mare Nostrum
15365,colegio,Colexio de Educación Infantil e Primaria Manuel Fraga Iribarne
15360,colegio,Instituto de Educación Secundaria Cabo Ortegal
36207,colegio,Instituto de Educación Secundaria A Guía
46019,colegio,Col·legi d'Educació Infantil i Primària Sanchis Guarner
30011,colegio,Colegio de Educación Infantil y Primaria Mariano Aroca López
03004,colegio,Centre Públic de Fomació de Persones Adultes Juana Francés
15687,colegio,Centro Público Integrado de Viaño Pequeno
15578,colegio,Semente Trasancos
03010,colegio,Colegio Sagrada Familia
43007,colegio,Escola Pax
30005,colegio,Colegio de Educación Infantil y Primaria San Andrés
30009,colegio,Colegio Nuestra Señora de la Fuensanta- Jesús María
43400,colegio,Escola Les Muralles
43400,colegio,Institut Martí l'Humà
43400,colegio,Col·legi Mare de Deu de la Serra
15563,colegio,Colexio de Educación Infantil e Primaria de San Ramón
36208,colegio,Colegio San Miguel
03012,colegio,Colegio San Juan de la Cruz
15174,colegio,Instituto de Educación Secundaria Eduardo Blanco Amor
03013,colegio,Centre de Formació de Persones Adultes Giner de los Rios
30011,colegio,Colegio de Educación Infantil y Primaria Infante Don Juan Manuel
43700,colegio,CEE Garbí
15150,colegio,Colexio de Educación Infantil e Primaria Labarta Pose
15150,colegio,Instituto de Educación Secundaria Maximino Romero de Lema
46184,colegio,Colegio Imperial Niños Huerfanos San Vicente Ferrer
30110,colegio,Colegio de Educación Especial Pérez Urruti
30110,colegio,ADN Centro Educativo
30110,colegio,Carolina Codorniu
30110,colegio,Carolina Codorniu
30110,colegio,Salesianos Colegio Don Bosco Cabezo de Torres
43700,colegio,Escola Àngel Guimerà
15920,colegio,Instituto de Educación Secundaria Félix Muriel
03006,colegio,Colegio Médico Pedro Herrero
30520,colegio,Centro Educación de Adultos Altiplano
46018,colegio,Col·legi d'Educació Infantil i Primària Doctor Barcia Goyanes
46100,colegio,Institut d'Educació Secundària Federica Montseny
15009,colegio,Colexio de Educación Infantil e Primaria Plurilingüe Anxo da Garda
46022,colegio,Col·legi d'Educació Infantil i Primària Jaume I
46022,colegio,Col·legi d'Educació Infantil i Primària Miguel Adlert i Noguerol
15318,colegio,Colexio de Educación Infantil e Primaria San Marcos
46022,colegio,Col·legi d'Educació Infantil i Primària Profesor Santiago Grisolía
27003,colegio,Antigo Colexio Sagrado Corazón
15175,colegio,Centro Público Integrado Vicente Otero Valcárcel
46013,colegio,Escuela Infantil Quatre Carreres
43580,colegio,Escola Riumar
46023,colegio,Col·legi Ave María de Penya-Roja
30530,colegio,Colegio Público Jerónimo Belda
30530,colegio,Colegio Madre del Divino Pastor
30530,colegio,Instituto de Educación Secundaria Diego Tortosa
36210,colegio,Colexio de Educación Infantil e Primaria Altamar
15006,colegio,Centro Privado Plurilingüe Santa María del Mar
36205,colegio,Colegio Plurilingüe Mariano
15670,colegio,Centro Integrado de Formación Profesional Universidade Laboral
30203,colegio,Colegio de Educación Infantil y Primaria Mare Nostrum
46470,colegio,Col·legi d'Educació Infantil i Primària Jaume I el Conqueridor
46470,colegio,Col·legi d'Educació Infantil i Primària Vil·la Romana
46470,colegio,Florida Secundària
46019,colegio,Col·legi d'Educació Infantil i Primària Antonio Machado
32300,colegio,Colexio Divina Pastora
32300,colegio,Instituto de Educación Secundaria Lauro Olmo
32300,colegio,Instituto de Educación Secundaria Martaguisela
36950,colegio,Colexio de Educación Infantil e Primaria de Quintela
27001,colegio,CPR Plurilingüe Padres Franciscanos
36330,colegio,Colexio de Educación Infantil e Primaria A Paz
46860,colegio,Col·legi d'Educació Infantil i Primària Covalta
46860,colegio,Institut d'Educació Secundària Josep Segrelles
46860,colegio,Col·legi d'Educació Infantil i Primària Elías Tormo
43206,colegio,Institut Gaudí
43205,colegio,Escola Teresa Miquel i Pàmies
15140,colegio,Instituto de Educación Secundaria de Pastoriza
46250,colegio,Centre de Formació de Persones Adultes Enric Valor
46010,colegio,Colegio San José de Calasanz
15004,colegio,Centro Privado Plurilingüe Padres Franciscanos
03330,colegio,Col·legi d'Educació Infantil i Primària Pintor Julio Quesada - Pilar Ruiz
46022,colegio,Escola d'Educació Infantil Les Rondalles
12400,colegio,Colegio Público Pintor Camarón
03350,colegio,Colegio Público Virgen de las Virtudes
36700,colegio,
15179,colegio,Instituto de Educación Secundaria María Casares
12400,colegio,Colegio Público Pintor Camarón (Educación Infantil)
15142,colegio,Colexio de Educación Infantil e Primaria Ponte dos Brozos
36910,colegio,Colexio de Educación Infantil e Primaria A Carballeira
46100,colegio,Colegio Nuestra Señora de la Natividad
15173,colegio,Colexio Hijas de Cristo Rey
15173,colegio,Colexio de Educación Infantil e Primaria da Rabadeira
15173,colegio,Instituto de Educación Secundaria Miraflores
15175,colegio,Instituto de Educación Secundaria de Carral
15920,colegio,Colexio de Educación Infantil e Primaria Alfonso Daniel Rodríguez Castelao
46110,colegio,Col·legi d'Educació Infantil i Primària Cervantes
15800,colegio,Colexio de Educación Infantil e Primaria Nº 1 de Melide
15800,colegio,Instituto de Educación Secundaria de Melide
46183,colegio,Colegio Helios
15679,colegio,Colexio de Educación Infantil e Primaria Portofaro
30500,colegio,"Escuela Infantil ""Cañada de las Eras"""
32005,colegio,Escola de Arte e Superior de Deseño Antonio Failde
46670,colegio,Colegio Santa Ana
03503,colegio,Col·legi d'Educació Infantil i Primària Bautista Lledó Pérez
46470,colegio,Col·legi d'Educació Infantil i Primària Esteve Paluzié
46470,colegio,Escola Municipal de Persones Adultes Esteve Paluzié
46470,colegio,Col·legi Diocesà Sant Antoni de Pàdua II
46470,colegio,Col·legi Sant Antoni de Pàdua I
46470,colegio,Col·legi d'Educació Infantil i Primària Bertomeu Llorens i Royo
46470,colegio,Col·legi d'Educació Infantil i Primària Joan XXIII
46470,colegio,Col·legi Larrodé
46470,colegio,Institut d'Educació Secundària Berenguer Dalmau
46660,colegio,Col·legi d'Educació Infantil i Primària Pintor Estruch
46980,colegio,Colegio El Armelar
46014,colegio,Colegio Pureza de María
15680,colegio,Instituto de Educación Secundaria Maruxa Mallo
15009,colegio,Colexio de Educación Infantil e Primaria San Francisco Javier
43201,colegio,Prat de la Riba
15318,colegio,Instituto de Educación Secundaria de Viós
46035,colegio,Institut d'Educació Secundària Benimàmet
27004,colegio,Colexio de Educación Infantil e Primaria de Casás
15620,colegio,Colexio de Educación Infantil e Primaria Unión Mugardesa
03710,colegio,Col·legi d'Educació Infantil i Primària Oltà
12500,colegio,Col·legi d'Educació Infantil i Primària Mare de Déu de l'Assumpció
12500,colegio,Institut d'Educació Secundària Leopoldo Querol
12500,colegio,Institut d'Educació Secundària José Vilaplana
12500,colegio,Centre d'Educació Especial Baix Maestrat
12500,colegio,Col·legi d'Educació Infantil i Primària Mare de Déu de la Misericòrdia
12500,colegio,Col·legi d'Educació Infantil i Primària Manuel Foguet
36207,colegio,Colexio Padre Míguez - Calasancias
30310,colegio,Colegio San Juan Bosco
15707,colegio,Colexio de Educación Infantil e Primaria dass Fontiñas
03710,colegio,Col·legi d'Educació Infantil i Primària Gabriel Miró
03710,colegio,Institut d'Educació Secundària Ifach
03710,colegio,Col·legi d'Educació Infantil i Primària Azorín
03710,colegio,Col·legi d'Educació Infantil i Primària Mediterrani
27002,colegio,
36690,colegio,Colexio de Educación Infantil e Primaria Manuel Padín Truiteiro
12100,colegio,Col·legi d'Educació Infantil i Primària el Pinar
27002,colegio,Colexio de Educación Infantil e Primaria Rosalía de Castro
27002,colegio,Instituto de Educación Secundaria Nosa Señora dos Ollos Grandes
27002,colegio,Colexio Menor Femenino
27002,colegio,Centro Integrado de Formación Profesional Politécnico de Lugo
27002,colegio,
27002,colegio,Colexio María Auxiliadora
27002,colegio,Centro de Educación Infantil e Primaria Illa Verde
36600,colegio,Instituto de Educación Secundaria Castro Alobre
36600,colegio,Centro de Educación Especial de Vilagarcía de Arousa
36600,colegio,Centro de Educación Infantil e Primaria da Lomba-Xardíns
36600,colegio,Centro de Educación Infantil e Primaria da Lomba
36630,colegio,Instituto de Educación Secundaria Ramón Cabanillas
36600,colegio,Colexio San Francisco
46100,colegio,Col·legi d'Educació Infantil i Primària San Juan de Ribera
46100,colegio,Col·legi d'Educació Infantil i Primària Fernando de los Ríos
46100,colegio,Institut d'Educació Secundària Vicent Andrés Estellés
15007,colegio,Colexio de Educación Infantil e Primaria Sagrada Familia
15008,colegio,Centro de Educación Especial Privado Aspanaes
15190,colegio,Colexio de Educación Infantil e Primaria Manuel Murguía
15006,colegio,Centro de Educación Especial María Mariño
15940,colegio,Instituto de Educación Secundaria da Pobra do Caramiñal
43830,colegio,Institut Ramon de la Torre
36001,colegio,Colexio Plurilingüe Calasancio
36004,colegio,Colexio Plurilingüe Sagrado Corazón de Pontevedra
46780,colegio,Col·legi d'Educació Infantil i Primària Alfadalí
15002,colegio,Colexio de Educación Infantil e Primaria Víctor López Seoane
03700,colegio,Institut d'Educació Secundària Sorts de la Mar
15011,colegio,Colexio de Educación Infantil e Primaria San Pedro de Visma
15010,colegio,Instituto de Educación Secundaria Agra do Orzán
46600,colegio,Col·legi d'Educació Infantil i Primària Alborxí
46600,colegio,Col·legi d'Educació Infantil i Primària Lluís Vives
36316,colegio,Colexio de Educación Infantil e Primaria Serra-Vincios
30506,colegio,Colegio Vista Real
46004,colegio,Colegio San Vicente Ferrer
46900,colegio,Institut Educació Secundària Serra Perenxisa
46900,colegio,Col·legi Educació Infantil i Primària San Juan Bautista
30390,colegio,Colegio de Educación Infantil y Primaria Aljorra (Primaria)
27002,colegio,Centro Integrado de Formación Profesional As Mercedes
46520,colegio,Institut d'Educació Secundària María Moliner
46710,colegio,Col·legi d'Educació Infantil i Primària Mestre Rafael Noguera
15630,colegio,Centro Público Integrado Castro Baxoi
46021,colegio,Col·legi d'Educació Infantil i Primària Angelina Carnicer
03014,colegio,Institut d'Educació Secundària las Lomas
03012,colegio,Colegio San José Hijas de la Caridad
03012,colegio,Colegio San José Hijas de la Caridad
30520,colegio,Colegio Cruz de Piedra
03400,colegio,Instituto de Educación Secundaria Las Fuentes
15176,colegio,Colexio de Educación Infantil e Primaria Juana de Vega
46520,colegio,Col·legi San Pedro Apóstol
03740,colegio,Institut d'Educació Secundària Matemàtic Vicent Caselles Costa
36214,colegio,Centro Integrado de Formación Profesional Manuel Antonio
15706,colegio,Colexio Privado Santa Apolonia-Crea Natura
15704,colegio,Colexio de Educación Infantil e Primaria Plurilingüe de Vite
32003,colegio,Colexio Franciscanas
32001,colegio,Instituto de Educación Secundaria Julio Prieto Nespereira
43201,colegio,Institut Baix Camp
12448,colegio,Sección del Instituto de Educación Secundaria Obligatoria Nuestra Señora de la Cueva Santa en Montanejos
46780,colegio,Institut d'Educació Secundària Gabriel Ciscar
46006,colegio,Col·legi d'Educació Infantil i Primària Fernando de los Ríos
46800,colegio,Col·legi Claret Xàtiva
15808,colegio,Colexio de Educación Infantil e Primaria de Arcediago
46900,colegio,Col·legi d'Educació Infantil i Primària Les Terretes
46690,colegio,Institut d'Educació Secundària Isabel-Clara Simó
15010,colegio,Colexio de Educación Infantil e Primaria María Barbeito e Cerviño
46900,colegio,Colegio de Fomento El Vedat
46901,colegio,Escola El Drac
46901,colegio,Julio Verne School
46901,colegio,Centro de Educación Especial Squema
46901,colegio,Colegio Pléyade
46900,colegio,Colegio La Purísima
46900,colegio,Col·legi d'Educació Infantil i Primària Lope de Vega
46900,colegio,Colegio Santa Teresa de Jesús de El Vedat
15310,colegio,Colexio de Educación Infantil e Primaria de Teixeiro
46900,colegio,Col·legi d'Educació Infantil i Primària Miguel Hernández
46900,colegio,Col·legi d'Educació Infantil i Primària Antonio Machado
46900,colegio,Col·legi d'Educació Infantil i Primària Federico Maicas
46900,colegio,Col·legi d'Educació Infantil i Primària Sant Pasqual
15701,colegio,Colexio Privado Plurilingüe San José de Cluny
15570,colegio,Instituto de Educación Secundaria Terra de Trasancos
15895,colegio,Escola Infantil de Ames
15895,colegio,Instituto de Educación Secundaria do Milladoiro
15009,colegio,Colexio de Educación Infantil e Primaria Juan Fernández Latorre
36209,colegio,Colexio de Educación Infantil e Primaria Illas Cíes
03369,colegio,EPA Municipal de Rafal
03369,colegio,Col·legi d'Educació Infantil i Primària Trinitario Seva II
03369,colegio,Instituto de Educación Secundaria Rafal
36207,colegio,Colexio Privado Possumus
36207,colegio,Colegio San José de la Guía
36207,colegio,Centro de Educación Primaria Plurilingüe Santa Trega-Teis
36391,colegio,Colegio Ángel de la Guarda
15145,colegio,Colexio de Educación Infantil e Primaria Ramón Otero Pedrayo
15008,colegio,Centro Privado Plurilingüe Sagrado Corazón
27003,colegio,Instituto de Educación Secundaria Ánxel Fole
15270,colegio,Colexio de Educación Infantil e Primaria Plurilingüe Vila de Cee
15686,colegio,Centro Público Integrado de Ponte Carreira
30440,colegio,Instituto de Educación Secundaria D. Pedro García Aguilera
46701,colegio,Col·legi Escolàpies
15270,colegio,Instituto de Educación Secundaria Agra de Raíces
32310,colegio,Colexio de Educación Infantil e Primaria Plurilingüe Virxe do Camiño
03400,colegio,Col·legi d'Educació Infantil i Primària Joaquín María López
46009,colegio,Col·legi d'Educació Infantil i Primària Doctor Olóriz
43152,colegio,Escola Josep Veciana
46612,colegio,Col·legi d'Educació Infantil i Primària el Castell
30177,colegio,Colegio de Educación Infantil y Primaria Sierra Espuña
15659,colegio,Colexio de Educación Infantil e Primaria Emilio González López
15520,colegio,Colexio de Educación Infantil e Primaria Plurilingüe Os Casais
15624,colegio,Centro Público Integrado As Mirandas
30011,colegio,CFI Gabriel Pérez Cárcel
15002,colegio,Colexio de Educación Infantil e Primaria Torre de Hércules
30011,colegio,C.E.P Infante Juan Manuel
30158,colegio,Colegio Severo Ochoa
30158,colegio,
30570,colegio,Colegio de Educación Infantil y Primaria Nuestra Señora de Fátima
46200,colegio,Institut d'Educació Secundària La Sénia
30011,colegio,Instituto de Educación Secundaria Ramón y Cajal
30011,colegio,C.P.E.E. Cristo de la Misericordia
30570,colegio,Instituto de Educación Secundaria Beniaján
30570,colegio,C.E.P. Monteazahar
30570,colegio,E.E.I. La Naranja
30012,colegio,EMPI - Escuela Murcia de Primera Infancia
30570,colegio,Colegio de Educación Infantil y Primaria Nuestra Señora de la Fuensanta
46910,colegio,Escola d'Adults de Sedaví
46910,colegio,Col·legi d'Educació Infantil i Primària San Clemente
46460,colegio,Institut d'Educació Secundària Enric Valor
46460,colegio,Col·legi d'Educació Infantil i Primària Sant Roc
15100,colegio,Colexio de Educación Infantil e Primaria A Cristina
46970,colegio,Col·legi d'Educació Infantil i Primària Ciutat de Cremona
46014,colegio,Colegio Claret Fuensanta
03400,colegio,Instituto de Educación Secundaria Hermanos Amorós
03400,colegio,Col·legi d'Eduació Infantil i Primària el Grec
30570,colegio,Escuela Infantil Los Granaos
46470,colegio,Institut d'Educació Secundària Massanassa
43746,colegio,Escola Marcel·lí Domingo
46183,colegio,Institut d'Educació Secundària La Vereda
46132,colegio,Col·legi d'Educació Infantil i Primària Carraixet
46389,colegio,Col·legi d'Educació Infantil i Primària Joaquin Muñoz
46240,colegio,Institut d'Educació Secundària Nou d'Octubre
30560,colegio,Nuestra Señora del Carmen
46460,colegio,Centre de Formació de Persones Adultes Municipal de Silla
46117,colegio,"Colegio Nuestra Señora del Carmen, Bétera"
43870,colegio,Escola d'Art Esardi
12598,colegio,Col·legi d'Educació Infantil i Primària D. Jaime Sanz
15626,colegio,Colexio de Educación Infantil e Primaria Santiago Apóstolo
15009,colegio,Centro Privado Plurilingüe Cristo Rey
32701,colegio,Centro de Educación Infantil e Primaria de Baños de Molgas
32700,colegio,Colexio de Educación Infantil e Primaria Plurilingüe de Maceda
27004,colegio,Escola de Imaxe e Son Lugo
36800,colegio,Instituto de Educación Secundaria Mendiño
03271,colegio,Centre Labora Formació d'Elx
15011,colegio,Centro de Educación Especial Privado Nosa Señora de Lourdes - Aspronaga
15337,colegio,Colexio de Educación Infantil e Primaria Francisco López Estrada
43350,colegio,Escola Rocabruna
15510,colegio,Colexio de Educación Infantil e Primaria San Isidro
46019,colegio,Col·legi Maria Auxiliadora de València
15009,colegio,Centro Privado Eirís
46680,colegio,Institut d'Educació Secundària Bernat Guinovart
46100,colegio,Centre de Formació de Persones Adultes de Burjassot
12540,colegio,Laude British School Of Vilareal
46014,colegio,Col·legi d'Educació Infantil i Primària Rafael Altamira
15011,colegio,Instituto de Educación Secundaria Rafael Dieste
15011,colegio,Centro Privado Plurilingüe Esclavas Sagrado Corazón de Jesús
03293,colegio,Colegio San José Artesano - Salesianos Elche
03550,colegio,Colegio Nuestra Señora del Carmen
43883,colegio,Escola Salvador Espriu
03330,colegio,Col·legi d'Educació Infantil i Primària Miguel Hernández
12412,colegio,Colegio de Educación Infantil y Primaria Ramón Rubio Silvestre
03316,colegio,Aulario de La Matanza
32001,colegio,Colexio Plurilingüe Divino Maestro
15570,colegio,Escola Infantil de Piñeiros
46024,colegio,Col·legi d'Educació Infantil i Primària Juan Manuel Montoya
15500,colegio,Centro Privado Plurilingüe Jorge Juan
46540,colegio,Institu de Educació Secundària El Puig
43896,colegio,Escola 21 d'Abril
32001,colegio,Colexio de Educación Infantil e Primaria de Prácticas da Escola Universitaria de Formación do Profesorado
32001,colegio,Instituto de Educación Secundaria Blanco Amor
43800,colegio,Escola Eugeni d'Ors
43500,colegio,Escola La Mercè
43593,colegio,CEIP Sant Roc
46300,colegio,Instituto de Educación Secundaria Miguel Ballesteros Viana
46300,colegio,Colegio de Educación Infantil y Primaria Enrique Rambal
46960,colegio,Col·legi d'Educació Infantil i Primària Mariano Benlliure
15570,colegio,Colexio de Educación Infantil e Primaria Plurilingüe Ponte de Xuvia
43800,colegio,Institut Narcís Oller
15110,colegio,Colexio de Educación Infantil e Primaria Eduardo Pondal
15110,colegio,Instituto de Educación Secundaria Eduardo Pondal
15148,colegio,Centro de Educación Infantil e Primaria de Bormoio-A Agualada
15147,colegio,Escola Familiar Agraria Fonteboa
15147,colegio,Colexio Público Integrado Alcalde Xosé Pichel
36520,colegio,Colexio de Educación Infantil e Primaria Plurilingüe de Agolada
15810,colegio,Colexio Nosa Señora do Rosario
15840,colegio,Colexio Inmaculada de Santa Comba
15848,colegio,Colexio de Educación Infantil e Primaria Plurilingüe Pepe de Xan Baña
15800,colegio,Colexio de Educación Infantil e Primaria A Martagona de Melide
15800,colegio,Colexio de Educación Infantil e Primaria Mestre Pastor Barral
15100,colegio,Colexio de Educación Infantil e Primaria Bergantiños
15106,colegio,Escola de Educación Infantil Sísamo-Os Vilares
15106,colegio,Instituto de Educación Secundaria Monte Neme
15100,colegio,Colexio de Educación Infantil e Primaria Fogar
15100,colegio,Instituto de Educación Secundaria Alfredo Brañas
15100,colegio,Instituto de Educación Secundaria Isidro Parga Pondal
15100,colegio,Centro Privado Concertado Artai
15107,colegio,Espazo da Natureza de Oza
15185,colegio,Centro Público Integrado O Cruce
15186,colegio,Colexio de Educación Infantil e Primaria Celso Emilio Ferreiro
03590,colegio,Institut d'Educació Secundària Altaia
03590,colegio,Institut d'Educació Secundària Bellaguarda
15613,colegio,Colexio de Educación Infantil e Primaria Plurilingüe Mosteiro de Caaveiro
15320,colegio,Centro de Educación Infantil e Primaria Plurilingüe A Madalena
15320,colegio,Centro de Educación Especial Aspanaes
15145,colegio,Colexio de Educación Infantil e Primaria de Caión
15850,colegio,Centro Público Integrado de Zas
15117,colegio,Centro Público Integrado Plurilingüe do Cabo da Area
15121,colegio,Colexio de Educación Infantil e Primaria Plurilingüe da Ponte do Porto
15121,colegio,Instituto de Educación Secundaria Plurilingüe Pedra da Aguia
15123,colegio,Colexio de Educación Infantil e Primaria O Areal
15124,colegio,Colexio de Educación Infantil e Primaria de Vilarmide-Eduardo Noya
15215,colegio,Colexio de Educación Infantil e Primaria dos Muños
15124,colegio,Instituto de Educación Secundaria Ramón Caamaño
15124,colegio,Colexio de Educación Infantil e Primaria Virxe da Barca
15310,colegio,Colexio de Educación Infantil e Primaria Praia de Quenxe
15110,colegio,Colexio Rural Agrupado Nosa Señora do Faro
15129,colegio,Colexio de Educación Infantil e Primaria Plurilingüe San Vicenzo
15129,colegio,Instituto de Educación Secundaria Terra de Soneira
15127,colegio,Colexio de Educación Infantil e Primaria de Baíñas
46010,colegio,Col·legi d'Educació Infantil i Primària Vivers
46200,colegio,Col·legi d'Educació Infantil i Primària Rosa Serrano
46134,colegio,Col·legi d'Educació Infantil i Primària Rei en Jaume
46134,colegio,Col·legi d'Educació Infantil i Primària Mare de Deu del Patrocini
15296,colegio,Colexio de Educación Infantil e Primaria do Pindo
12598,colegio,Institut d'Educació Secundària Alfred Ayza
15149,colegio,CRA Os Remuíños - Cundíns
15115,colegio,Centro Público Integrado As Revoltas
27833,colegio,Colexio de Educación Infantil e Primaria Plurilingüe de Xermade
15405,colegio,Escola Oficial Náutico-Pesqueira de Ferrol
03730,colegio,Col·legi d'Educació Infantil i Primària Port de Xàbia
03730,colegio,Institut d'Educació Secundària Antoni Llidó
03730,colegio,Col·legi d'Educació Infantil i Primària Mediterrània
03730,colegio,Centre de Formació de Persones Adultes de Xàbia
46020,colegio,Colegio Claret
46134,colegio,Institut Educació Secundària Escultor en Francesc Badia
15568,colegio,Colexio de Educación Infantil e Primaria O Marbán
15300,colegio,Instituto de Ensino Secundario Francisco Aguiar
15300,colegio,Colexio de Educación Infantil e Primaria Francisco Vales Villamarín
15008,colegio,Centro Privado Plurilingüe Hijas de Jesús
15330,colegio,Instituto de Educación Secundaria de Ortigueira
36003,colegio,CEEPR Juan XXIII
15001,colegio,Centro Privado Plurilingüe Santo Domingo
15569,colegio,Colexio de Educación Infantil e Primaria da Barqueira
46250,colegio,Col·legi d'Educació Infantil i Primària Batallar
46250,colegio,Col·legi d'Educació Infantil i Primària Heretats
46450,colegio,Institut d'Educació Secundària Enric Soler i Godes
15113,colegio,Instituto de Educación Secundaria Urbano Lugrís
15113,colegio,Centro de Educación Infantil e Primaria Joaquín Rodríguez Otero
15113,colegio,Colexio Rural Agrupado Pedra da Arca
03380,colegio,Colegio San José de Calasanz
46250,colegio,Institut d'Educació Secundària Els Évols
46005,colegio,Centre Integrat Públic de Formació Professional Vicente Blasco Ibañez
03130,colegio,Col·legi d'Educació Infantil i Primària Ramón Cuesta
46868,colegio,Col·legi d'Educació Infantil i Primària Mariano Jornet Perales
43206,colegio,Escola Els Ganxets
03370,colegio,Escuela Infantil San Carlos
03400,colegio,Colegio de Educación Infantil y Primaria Santa Teresa
03698,colegio,Colegio Privado La Milagrosa
46024,colegio,Centro Concertado de Enseñanza Santa Magdalena Sofía
03769,colegio,Aulari del Ràfol d'Almúnia
27744,colegio,Colexio de Educación Infantil e Primaria de Riotorto
03750,colegio,Col·legi d'Educació Infantil i Primària el Trinquet
46011,colegio,Col·legi d'Educació Infantil i Primària Ballester Fandos
15008,colegio,Colexio de Educación Especial Nosa Señora do Rosario
46701,colegio,Institut d'Educació Secundària Tirant Lo Blanc
15160,colegio,Colexio de Educación Infantil e Primaria Pedro Barrié de la Maza
15174,colegio,Colexio A Ponte Pasaxe
15885,colegio,Centro Público Integrado Plurilingüe de Vedra
46680,colegio,Col·legi d'Educació Infantil i Primària Blasco Ibáñez
03780,colegio,Col·legi d'Educació Infantil i Primària Rosalia Bondia
03650,colegio,Institut d'Educació Secundària José Marhuenda Prats
46023,colegio,Col·legi d'Educació Infantil i Primària L'Albereda
46740,colegio,Col·legi d'Educació Infantil i Primària Navarro Darás
15830,colegio,Instituto de Ensino Secundario Xulián Magariños
15830,colegio,Colexio de Educación Infantil e Primaria Plurilingüe O Coto
46701,colegio,Col·legi d'Educació Infantil i Primària Cervantes
46119,colegio,Col·legi d'Educació Infantil i Primària Emilio Lluch
46138,colegio,Col·legi d'Educació Infantil i Primària Número 2
46901,colegio,Colegio Madre Petra
15560,colegio,Centro Público Integrado de San Sadurniño
12520,colegio,Col·legi d'Educació Infantil i Primària Pio XII
12360,colegio,Aulari de Xert
12170,colegio,Col·legi d'Educació Infantil i Primària Mare de Déu dels Àngels
46900,colegio,Institut d'Educació Secundària Marxadella
46900,colegio,Colegio Madre Sacramento
43720,colegio,Col·legi Residència L'Arboç
46842,colegio,Aulari de Rugat
46900,colegio,Centre d'Educació Especial La Encarnación
46900,colegio,Colegio San José y Santa Ana
43203,colegio,Sant Pau
43204,colegio,Escola Pública Rubió i Ors
43204,colegio,Escola Isabel Besora
46725,colegio,Aulari de Ròtova
12530,colegio,Els Àngels
46113,colegio,Institut d'Educació Secundària Obligatòria la Garrigosa
32004,colegio,Centro Integrado de Formación Profesional Portovello
03110,colegio,Col·legi d'Educació Infantil i Primària Manuel Antón
46910,colegio,Institut d'Educació Secundària Obligatòria 25 d'Abril
43205,colegio,Institut Josep Tapiró
43440,colegio,Institut Joan Amigó i Callau
43764,colegio,Institut Escola l'Agulla
46500,colegio,Colegio San Vicente Ferrer
46800,colegio,Col·legi d'Educació Primària Gozalbes Vera
46800,colegio,Institut d'Educació Secundària Josep de Ribera
46130,colegio,Col·legi d'Educació Infantil i Primària San Juan Evangelista
03730,colegio,Col·legi d'Educació Infantil i Primària Trenc d'Alba
46130,colegio,Institut d'Educació Secundària de Massamagrell
46130,colegio,Centre de Formació de Persones Adultes de Massamagrell
30850,colegio,Colegio de Educación Infantil y Primaria Luis Pérez Rueda
15001,colegio,Centro Privado Plurilingüe La Grande Obra de Atocha
15002,colegio,Centro Privado Plurilingüe Salesiano San Juan Bosco
46005,colegio,Escuelas Profesionales de Artesanos
15689,colegio,Centro de Educación Infantil e Primaria de Merelle
43870,colegio,Escola Consol Ferré
46170,colegio,Colegio de Educación Infantil y Primaria Maestro Fernando Montero Castellano
15818,colegio,Colexio Público Integrado Armando Cotarelo Valledor
36209,colegio,Centro Integrado de Formación Profesional de Coia
12006,colegio,Col·legi d'Educació Infantil i Primària Vicent Marçà
12539,colegio,Col·legi d'Educació Infantil i Primària Pintor Sorolla
46022,colegio,Col·legi d'Educació Infantil i Primària San Pedro
03100,colegio,Col·legi d'Educació Infantil i Primària Sagrada Família
15182,colegio,Colexio de Educación Infantil e Primaria Tabeaio
46980,colegio,Col·legi d'Educació Infantil i Primària La Coma
27797,colegio,Centro de Formación e Experimentación Agraria Pedro Murias
36153,colegio,Centro de Formación e Experimentación Agroforestal de Lourizán
43870,colegio,Institut de Tecnificació
43870,colegio,Escola d'Educació Especial l'Àngel
43560,colegio,Institut de la Sénia
43520,colegio,Escola Mestre Marcel·lí Domingo
15009,colegio,Centro Privado Plurilingüe Peñarredonda
36650,colegio,CPI Plurilingüe Alfonso VII
36650,colegio,Instituto de Educación Secundaria Aquis Celenis
36003,colegio,Instituto de Educación Secundaria Gonzalo Torrente Ballester
15841,colegio,Instituto de Educación Secundaria Terra do Xallas
15841,colegio,Colexio de Educación Infantil e Primaria Plurilingüe Barrié de la Maza
46114,colegio,Col·legi d'Educació Infantil i Primària Josep Blat Gimeno
43800,colegio,Col·legi Claret - Valls
43800,colegio,Escola Mare de Déu de la Candela
43880,colegio,Institut Escola Coma-ruga
46014,colegio,"Institut d'Educació Secundària Patraix, Vicenta Ferrer Escrivá"
46920,colegio,Colegio Sagrado Corazón
12580,colegio,Institut d'Educació Secundària Joan Coromines
12580,colegio,Col·legi d'Educació Infantil i Primària Marqués de Benicarló
46960,colegio,Col·legi d'Educació Infantil i Primària Ausiàs March
46960,colegio,Institut d'Educació Secundàia Beatriu Civera
46960,colegio,Col·legi d'Educació Infantil i Primària Vicente Blasco Ibáñez
46960,colegio,Col·legi d'Educació Infantil i Primària Platero y yo
30160,colegio,Colegio de Educación Infantil y Primaria Nuestra. Sra. de la Antigua
46018,colegio,Col·legi d'educació Infantil i Primària Gaspar Gil Polo
46018,colegio,Col·legi d'Educació Infantil i Primària Raquel Paya
03293,colegio,Institut d'Educació Secundària Periodista Vicente Verdú
36691,colegio,Santiago Apóstol
12530,colegio,Col·legi d'Educació Infantil i Primària Josep Iturbi
43840,colegio,Escola Elisabeth
03700,colegio,Col·legi d'Educació Infantil i Primària Llebeig
03700,colegio,Col·legi d'Educació Infantil i Primària les Vessanes
03700,colegio,Col·legi d'Educació Infantil i Primària Pou de la Muntanya
03749,colegio,Col·legi d'Educació Infantil i Primària Pare Pere
03700,colegio,Col·legi Paidos
36911,colegio,Instituto de Educación Secundaria Chan do Monte
03540,colegio,Col·legi d'Educació Infantil i Primària Mediterráneo
46910,colegio,Institut d'Educació Secudària Maria Carbonell i Sánchez
46910,colegio,Col·legi d'Educació Infantil i Primària Cristóbal Colón
46910,colegio,Colegio Nuestra Señora del Socorro
46910,colegio,Col·legi d'Educació Infantil i Primària Blasco Ibáñez
46013,colegio,Col·legi d'Educació Infantil i Primària Les Arts
36420,colegio,Colexio de Educación Infantil e Primaria Plurilingüe Manuel Sieiro
36880,colegio,Colexio de Educación Infantil e Primaria Valeixe
15142,colegio,Instituto de Educación Secundaria Manuel Murguía
15960,colegio,Colexio Galaxia
03730,colegio,Institut d'Educació Secundària La Mar
03730,colegio,Col·legi d'Educació Infantil i Primària Graül
03730,colegio,Col·legi d'Educació Infantil i Primària l'Arenal
36200,colegio,Centro Integrado de Formación Profesional Valentín Paz Andrade
46017,colegio,Col·legi d'Educació Infantil i Primària  Padre Manjón
03769,colegio,Aulari de Benimeli
03769,colegio,Aulari de Sanet i els Negrals
03769,colegio,Aulari de Sagra
03720,colegio,Centre d'Educació Especial Gargasindi
03720,colegio,Centre de Formació de Persones Adultes Benissa
03720,colegio,Col·legi d'Educació Infantil i Primària Manuel Bru
03720,colegio,Col·legi d'Educació Infantil i Primària Pare Melchor
46160,colegio,Institut d'Educació Secundària Camp de Túria
36700,colegio,Seminario Menor Tui
43204,colegio,Institut Escola Pi Del Burgar
46100,colegio,Colegio Juan XXIII
27260,colegio,Instituto de Educación Secundaria da Terra Chá José Trapero Pardo
27260,colegio,Colexio de Educación Infantil e Primaria Veleiro-Docampo
27163,colegio,Colexio de Educación Infantil e Primaria Plurilingüe do Corgo
30110,colegio,Colegio de Educación Infantil y Primaria José Rubio Gomariz
15948,colegio,Escola de Educación Infantil da Angustia
15960,colegio,Escola Oficial Náutico-Pesqueira de Ribeira
15965,colegio,Colexio de Educación Infantil e Primaria Heroínas de Sálvora
15189,colegio,Colexio de Educación Infantil e Primaria de Tarrío
43870,colegio,Escola Miquel Granell
43360,colegio,Institut Escola Corbatera
43810,colegio,Escola Sant Ramon
46650,colegio,Colegio Sant Antoni Abat
46713,colegio,Institut d'Educació Secundària Joan Fuster
46713,colegio,Col·legi d'Educació Infantil i Primària Gregori Mayans i Ciscar
46015,colegio,Centre d'Atenció Temprana i Educació Infantil L'Alqueria
46850,colegio,Institut d'Educació Secundària Vermellar
43596,colegio,Escola Montsagre
15884,colegio,Colexio de Educación Infantil e Primaria Arquitecto Casas Novoa
15702,colegio,Xardín de Infancia Raiola
15702,colegio,Centro de Educación Especial Privado Aspanaes-Duques de Lugo
46190,colegio,Col·legi d'Educació Infantil i Primària Cervantes
27620,colegio,Centro de Educación Infantil e Primaria de Samos
15704,colegio,Escola Infantil de Vite
43141,colegio,Escola Pública Pere Virgili
36318,colegio,Colexio de Educación Infantil e Primaria Plurilingüe Carballal - Cabral
43350,colegio,Institut Fontanelles
12589,colegio,Col·legi d'Educació Infantil i Primària Felicinda Collell
12513,colegio,Aulari de Catí - CRA L'Aiguaneu
12183,colegio,Aulari de Vilanova d'Alcolea
15160,colegio,Centro de Educación Infantil e Primaria Sada e os seus Contornos
46940,colegio,Escola Infantil Municipal Gesmil
03660,colegio,Centre de Formació de Persones Adultes l'Illa dels Garroferets
43782,colegio,Escola El Diví Mestre - ZER Terra Alta Nord
12179,colegio,Aulari de Tírig
12186,colegio,Aulari de la Salzadella
43007,colegio,Institut Escola l'Arrabassada
03300,colegio,Colegio Diocesano Oratorio Festivo de San Miguel
15863,colegio,Colexio Público Integrado de San Vicenzo
03190,colegio,Col·legi d'Educació Infantil i Primària Mediterráneo
03580,colegio,Den norske skole Costa Blanca
46702,colegio,Institut d'Educació Secundària Ausiàs March
03190,colegio,Instituto de Educación Secundaria Thiar
03190,colegio,Col·legi d'Educació Infantil i Primària María Moliner
32550,colegio,Instituto de Ensino Secundario Carlos Casares
12413,colegio,Colegio Rural Agrupado Palancia-Espadán - Aulario Castellnovo
12200,colegio,Colegio Madre María Rosa Molas
46008,colegio,Institut d'Educació Secundària Abastos
46183,colegio,Novaschool Rivas-Luna
46006,colegio,Col·legi d'Educació Infantil i Primària Montolivet
46015,colegio,Col·legi d'Educació Infantil i Primària Comunitat Valenciana
46015,colegio,Institut d'Educació Secundària Conselleria
12597,colegio,Col·legi d'Educació Infantil i Primària Alberto Selma
15703,colegio,Centro Privado Concertado Plurilingüe A Casa do Neno
46018,colegio,Escola Infantil Municipal SOLC
46015,colegio,València Montessori School
03183,colegio,Sección del Instituto de Educación Secundaria Torrevigía
36512,colegio,Centro de Educación Infantil e Primaria Xoaquín Loriga
36500,colegio,Instituto de Educación Secundaria Laxeiro
36680,colegio,Colexio de Educación Infantil e Primaria Pérez Viondi
15703,colegio,Colexio Privado Plurilingüe Vilas Alborada
46800,colegio,Colegio La Inmaculada
30510,colegio,Colegio Público San José de Calasanz
46230,colegio,Institut d'Educació Secundària Hort de Feliu
46610,colegio,Institut d'Educació Secundària Didín Puig
46022,colegio,Centre d'Educació Infantil i Primària Nuestra Señora del Carmen
46022,colegio,Centre Privat d'Educació Infantil de Primer Cicle Beteró. Passet a passet
46019,colegio,Escola Infantil Marni II
46009,colegio,Col·legi Mercurio
46450,colegio,Col·legi d'Educació Infantil i Primària Trullàs
36500,colegio,Colexio de Educación Infantil e Primaria Xesús Golmar
46220,colegio,Institut d'Educació Secundària l'Om
46220,colegio,Col·legi d'Educació Infantil i Primària Príncipe de España
46450,colegio,Col·legi Hijas de Cristo Rey
36800,colegio,Escola Infantil Mariana de Santa Mariña
03720,colegio,Col·legi d'Educació Infantil i Primària Pare Melchor
12170,colegio,Institut d'Educació Secundària Maestrat (Sant Mateu)
15181,colegio,Colexio de Educación Infantil e Primaria Gonzalo Torrente Ballester
15893,colegio,Escola de Educación Infantil Bispo Teodomiro
32616,colegio,Colexio de Educación Infantil e Primaria Plurilingüe Rodolfo Núñez Rodríguez
27324,colegio,Centro Público Integrado Poeta Uxío Novoneyra
15291,colegio,Colexio de Educación Infantil e Primaria Plurilingüe de Louro
32960,colegio,Centro de Educación Especial Miño
15147,colegio,Colexio Rural Agrupado A Tarandeira-A Feira Nova
03727,colegio,Secció d'Educació Secundària de l'Institut d'Educació Secundària Josep Iborra a Xaló
46180,colegio,Col·legi d'Educació Infantil i Primària Lluís Vives
46910,colegio,Colegio Diocesano María Inmaculada
27002,colegio,Instituto de Educación Secundaria San Xillao
46910,colegio,Colegio Diocesano Nuestra Señora del Socorro
46910,colegio,Escola d'Adults Municipal de Benetússer
46910,colegio,Col·legi d'Educació Infantil i Primària Vicent Ricart Bonillo
36320,colegio,Instituto de Educación Secundaria de Chapela
43800,colegio,Institut Serra de Miramar
46650,colegio,Col·legi dEducació Infantil i Pimàia Papa Calixto III
03680,colegio,Colegio de Educación Infantil y Primaria Doctor Calatayud
43800,colegio,Institut Jaume Huguet
43120,colegio,Escola Mossèn Ramón Berguedà
43120,colegio,Escola Centcelles
43120,colegio,Institut Constantí
15145,colegio,Instituto de Educación Secundaria Agra de Leborís
15898,colegio,Escola Privada Semente Compostela
43800,colegio,Escola Eladi Homs
46138,colegio,Institut d'Educació Secundària Rafelbunyol
46920,colegio,Col·legi d'Educació Infantil i Primària Maestro Serrano-María Moliner
46910,colegio,Colegio Sedaví
46910,colegio,Col·legi d'Educació Infantil i Primària Fernando Baixaulí Chornet
43783,colegio,Escola L'Ametller - ZER Terra Alta Nord
36204,colegio,CPR Plurilingüe Alba
46017,colegio,Col·legi d'Educació Infantil i Primària José Soto Micó
46950,colegio,Col·legi d'Educació Infantil i Primària Rei En Jaume
46950,colegio,Gregori Mayans
36794,colegio,Centro de Educación Infantil e Primaria Mestre Manuel García
36212,colegio,Colexio de Educación Infantil e Primaria Plurilingüe Xavier Sensat
36207,colegio,Escola de Educación Infantil Monte da Guía
15570,colegio,CPR Jorge Juan - Xuvia
36141,colegio,Escola Infantil de Vilaboa (A Galiña Azul)
36141,colegio,Centro Rural Agrupado de Vilaboa Consuelo González Martínez (Pousada)
36141,colegio,Centro Rural Agrupado de Vilaboa Consuelo González Martínez (Barciela)
36141,colegio,Centro Rural Agrupado de Vilaboa Consuelo González Martínez (Paredes)
36141,colegio,Centro Rural Agrupado de Vilaboa Consuelo González Martínez
36140,colegio,Centro Público Integrado do Toural
36141,colegio,Centro Rural Agrupado de Vilaboa Consuelo González Martínez (Figueirido)
36141,colegio,Centro Rural Agrupado de Vilaboa Consuelo González Martínez (Santa Comba de Bértola)
46760,colegio,Sant Josep HHDC
15984,colegio,Centro Rural Agrupado de Rianxo-A Capela
46470,colegio,Escola Municipal de Persones Adultes d'Albal
32002,colegio,Seminario Menor da Inmaculada
30140,colegio,Colegio Público Ntra. Sra. del Rosario
30130,colegio,CEIP Antonio Monzón
15570,colegio,Instituto de Educación Secundaria As Telleiras
15200,colegio,Instituto de Ensino Secundario Campo de San Alberto
15259,colegio,Colexio de Educación Infantil e Primaria Plurilingüe Ramón de Artaza y Malvárez
15259,colegio,Instituto de Educación Secundaria As Insuas
15259,colegio,Instituto de Ensino Secundario Plurilingüe Fontexería
15160,colegio,Instituto de Educación Secundaria Isaac Díaz Pardo
15168,colegio,
15240,colegio,Colexio de Educación Infantil e Primaria Plurilingüe Ricardo Tobío
36780,colegio,Instituto de Educación Secundaria A Sangriña
36203,colegio,CPR Plurilingüe María Auxiliadora
27004,colegio,Colexio San Xosé
36203,colegio,Maristas el Pilar
36211,colegio,Colegio Miralba
36203,colegio,CPR Plurilingüe Compañía de María
30001,colegio,Instituto de Educación Secundaria Licenciado Francisco Cascales
15011,colegio,Centro Privado Plurilingüe Fogar de Santa Margarida
03300,colegio,Colegio Diocesano Santo Domingo
15008,colegio,Centro de Menores Concepción Arenal
46190,colegio,Entrenaranjos International School
03729,colegio,Col·legi Rural Agrupat Terra de Riuraus
03184,colegio,Instituto de Enseñanza Secundaria nº5
03183,colegio,Instituto Público Libertas Número 1
43204,colegio,Col·legi Sant Josep
12340,colegio,Col·legi Rural Agrupat Araboga
03190,colegio,Col·legi d'Educació Infantil i Primària Virgen del Pilar
03190,colegio,Col·legi d'Educació Infantil i Primària Martín Artigot
46022,colegio,Escola Superior d'Art Dramàtic
15881,colegio,Centro Público Integrado Plurilingüe Antonio Orza Couto
32660,colegio,Colexio de Educación Infantil e Primaria Padre Feijoo
15660,colegio,Colexio de Educación Infantil e Primaria Wenceslao Fernández Flórez
15220,colegio,Instituto de Educación Secundaria Plurilingüe de Ames
46900,instituto,Institut d'Educació Secundària Marxadella
15008,instituto,Instituto de Educación Secundaria Elviña
30163,instituto,Instituto Montepinar
32800,instituto,Instituto de Educación Secundaria Celanova Celso Emilio Ferreiro
12160,instituto,Institut d'Educació Secundària Pere Enric Barreda i Edo
30430,instituto,Instituto de Educación Secundaria Alquipir
12526,instituto,Secció d'Educació Secundària de l'IES Gilabert de Centelles
12132,instituto,Secció d'Educació Secundària de l'IES la Vall d'Alba
43151,instituto,Institut Els Pallaresos
30850,instituto,IES Juan de la Cierva y Codorniú
46960,instituto,Institut d'Educació Secundària Carles Salvador
03015,instituto,Institut d'Educació Secundària Jaime II
03007,instituto,Institut d'Educació Secundària Josep Antoni Cavanilles Cavanilles
46023,instituto,Institut d'Educació Secundària Districte Marítim
03011,instituto,Institut d'Educació Secundària Verge del Remei
12560,instituto,Institut d'Educació Secundària Violant de Casalduch
03550,instituto,Institut d'Educació Secundària Luis García Berlanga
12003,instituto,Institut d'Educació Secundària Penyagolosa
12003,instituto,Institut d'Educació Secundària Vicent Sos Baynat
12550,instituto,Institut d'Educació Secundària Vila-roja
15401,instituto,Instituto de Educación Secundaria Ferrol Vello
03660,instituto,Institut d'Educació Secundària La Mola
12200,instituto,Institut d'Educació Secundària el Torrelló
15702,instituto,Instituto de Educación Secundaria de Sar
12600,instituto,Institut d'Educació Secundària Honori Garcia
12600,instituto,Institut d'Educació Secundària Botànic Cavanilles
30011,instituto,Instituto de Educación Secundaria Mariano Baquero Goyanes
30011,instituto,Instituto de Educación Secundaria Floridablanca
30011,instituto,Instituto de Educación Secundaria Saavedra Fajardo
03206,instituto,Institut d'Educació Secundària Severo Ochoa
03206,instituto,Institut d'Educació Secundària Joanot Martorell
30310,instituto,Instituto de Educación Secundaria El Bohío
03203,instituto,Institut d'Educació Secundària Sixto Marco
15703,instituto,Instituto de Ensino Secundario Antonio Fraguas Fraguas
46600,instituto,Institut d'Educació Secundària Rei En Jaume I
36208,instituto,Instituto de Educación Secundaria Politécnico de Vigo
15008,instituto,Instituto de Educación Secundaria Ramón Otero Pedrayo
15007,instituto,Instituto de Educación Secundaria Urbano Lugrís
46960,instituto,Institut d'Educació Secundària Salvador Gadea
27740,instituto,Instituto de Educación Secundaria Plurilingüe San Rosendo
36203,instituto,Instituto de Educación Secundaria do Castro
36216,instituto,Instituto de Educación Secundaria de Teis
15706,instituto,Instituto de Educación Secundaria Eduardo Pondal
03203,instituto,Institut d'Educació Secundària Victoria Kent
03005,instituto,Institut d'Educació Secundària 8 de Marzo
03203,instituto,Institut d'Educació Secundària Cayetano Sempere
03203,instituto,Institut d'Educació Secundària Pere Ibarra
36860,instituto,Instituto de Educación Secundaria do Barral
46119,instituto,Institut d'Educació Secundària Carmen Roca
03750,instituto,Institut d'Educació Secundària de Pedreguer
46022,instituto,Institut d'Educació Secundària Sorolla
15707,instituto,Instituto de Educación Secundaria As Fontiñas
36207,instituto,Instituto de Educación Secundaria República Oriental do Uruguai
46015,instituto,Institut d'Educació Secundària Benicalap
15172,instituto,Instituto de Educación Secundaria Plurilingüe Xosé Neira Vilas
46760,instituto,Institut d'Educació Secundària la Valldigna
36001,instituto,Instituto de Educación Secundaria Valle-Inclán
36001,instituto,Instituto de Educación Secundaria Sánchez Cantón
36005,instituto,Instituto de Educación Secundaria A Xunqueira II
15008,instituto,Instituto de Educación Secundaria A Sardiñeira
03370,instituto,Instituto Educación Secundaria Jaime de Sant-Ángel
03610,instituto,Institut d'Educació Secundària La Canal
36800,instituto,Instituto de Educación Secundaria Pedro Floriani
03610,instituto,Institut d'Educació Secundària Poeta Paco Mollá
03610,instituto,Institut d'Educació Secundària Azorín
03140,instituto,Institut d'Educació Secundària Les Dunes
27700,instituto,Instituto de Educación Secundaria de Ribadeo Dionisio Gamallo
46620,instituto,Instituto de Educación Secundaria Fernando III
32001,instituto,Instituto de Educación Secundaria 12 de Outubro
32005,instituto,Instituto de Ensino Secundario Otero Pedrayo
32002,instituto,Instituto de Educación Secundaria Universidade Laboral
32004,instituto,Instituto de Educación Secundaria As Lagoas
46022,instituto,Institut d'Ensenyament Secundari Serpis
03205,instituto,Institut d'Educació Secundària Nit de l'Albà
46980,instituto,Institut d'Educació Secundària Henri Matisse
27800,instituto,Instituto de Educación Secundaria Lois Peña Novo
46600,instituto,Institut d'Educació Secundària José María Parra
36214,instituto,Instituto de Educación Secundaria Ricardo Mella
36215,instituto,Instituto de Educación Secundaria Carlos Casares
46650,instituto,Institut d'Educació Secundària Sivera Font
15009,instituto,Instituto de Educación Secundaria Monelos
36209,instituto,Instituto de Educación Secundaria Alexandre Bóveda
36209,instituto,Instituto de Educación Secundaria Álvaro Cunqueiro
46008,instituto,Institut d'Educació Secundària Cid Campeador
03204,instituto,Institut d'Educació Secundària Tirant lo Blanc
03205,instituto,Institut d'Educació Secundària Carrús
15403,instituto,Instituto de Ensinanza Secundaria Sofía Casanova
36003,instituto,Instituto de Ensino Secundario Frei Martín Sarmiento
03170,instituto,Instituto de Educación Secundaria La Encantá
03804,instituto,Institut d'Educació Secundària Cotes Baixes
46702,instituto,Institut d'Educació Secundària Maria Enríquez
43460,instituto,Institut Fonts del Glorieta
43550,instituto,Institut Manuel Sales i Ferré
46910,instituto,Institut d'Educació Secundària Sedaví
03203,instituto,Institut d'Educació Secundària La Asunción
46019,instituto,Institut d'Educació Secundària Rascanya-Antonio Cañuelo
46210,instituto,Institut d'Educació Secundària Enric Valor
46020,instituto,Institut d'Educació Secundària Francesc Ferrer i Guàrdia
30580,instituto,Instituto de Educación Secundaria José Luis Martínez Palomo
12400,instituto,Instituto de Educación Secundaria Cueva Santa
12400,instituto,Instituto de Educación Secundaria Alto Palancia
30430,instituto,Instituto de Educación Secundaria Vega del Argos
27780,instituto,Instituto de Educación Secundaria de Foz
15350,instituto,Instituto de Educación Secundaria Punta Candieira
03720,instituto,Institut d'Educació Secundària Josep Iborra
46136,instituto,Secció d'Educació Secundària de Massamagrell a Museros
03760,instituto,Institut d'Educació Secundària Xebic
03360,instituto,Instituto de Educación Secundaria Santiago Grisolía
43820,instituto,Institut Camí de Mar
36950,instituto,Instituto de Educación Secundaria As Barxas
15011,instituto,Instituto de Educación Secundaria Salvador de Madariaga
15360,instituto,Instituto de Educación Secundaria Cabo Ortegal
36207,instituto,Instituto de Educación Secundaria A Guía
43400,instituto,Institut Martí l'Humà
15174,instituto,Instituto de Educación Secundaria Eduardo Blanco Amor
15150,instituto,Instituto de Educación Secundaria Maximino Romero de Lema
15920,instituto,Instituto de Educación Secundaria Félix Muriel
46100,instituto,Institut d'Educació Secundària Federica Montseny
30530,instituto,Instituto de Educación Secundaria Diego Tortosa
32300,instituto,Instituto de Educación Secundaria Lauro Olmo
32300,instituto,Instituto de Educación Secundaria Martaguisela
46860,instituto,Institut d'Educació Secundària Josep Segrelles
43206,instituto,Institut Gaudí
15140,instituto,Instituto de Educación Secundaria de Pastoriza
15179,instituto,Instituto de Educación Secundaria María Casares
15173,instituto,Instituto de Educación Secundaria Miraflores
15175,instituto,Instituto de Educación Secundaria de Carral
15800,instituto,Instituto de Educación Secundaria de Melide
46470,instituto,Institut d'Educació Secundària Berenguer Dalmau
15680,instituto,Instituto de Educación Secundaria Maruxa Mallo
15318,instituto,Instituto de Educación Secundaria de Viós
46035,instituto,Institut d'Educació Secundària Benimàmet
12500,instituto,Institut d'Educació Secundària Leopoldo Querol
12500,instituto,Institut d'Educació Secundària José Vilaplana
03710,instituto,Institut d'Educació Secundària Ifach
27002,instituto,Instituto de Educación Secundaria Nosa Señora dos Ollos Grandes
36600,instituto,Instituto de Educación Secundaria Castro Alobre
36630,instituto,Instituto de Educación Secundaria Ramón Cabanillas
46100,instituto,Institut d'Educació Secundària Vicent Andrés Estellés
15940,instituto,Instituto de Educación Secundaria da Pobra do Caramiñal
43830,instituto,Institut Ramon de la Torre
03700,instituto,Institut d'Educació Secundària Sorts de la Mar
15010,instituto,Instituto de Educación Secundaria Agra do Orzán
46900,instituto,Institut Educació Secundària Serra Perenxisa
46520,instituto,Institut d'Educació Secundària María Moliner
03014,instituto,Institut d'Educació Secundària las Lomas
03400,instituto,Instituto de Educación Secundaria Las Fuentes
03740,instituto,Institut d'Educació Secundària Matemàtic Vicent Caselles Costa
32001,instituto,Instituto de Educación Secundaria Julio Prieto Nespereira
43201,instituto,Institut Baix Camp
12448,instituto,Sección del Instituto de Educación Secundaria Obligatoria Nuestra Señora de la Cueva Santa en Montanejos
46780,instituto,Institut d'Educació Secundària Gabriel Ciscar
46690,instituto,Institut d'Educació Secundària Isabel-Clara Simó
15570,instituto,Instituto de Educación Secundaria Terra de Trasancos
15895,instituto,Instituto de Educación Secundaria do Milladoiro
03369,instituto,Instituto de Educación Secundaria Rafal
27003,instituto,Instituto de Educación Secundaria Ánxel Fole
30440,instituto,Instituto de Educación Secundaria D. Pedro García Aguilera
15270,instituto,Instituto de Educación Secundaria Agra de Raíces
46200,instituto,Institut d'Educació Secundària La Sénia
30011,instituto,Instituto de Educación Secundaria Ramón y Cajal
30570,instituto,Instituto de Educación Secundaria Beniaján
46460,instituto,Institut d'Educació Secundària Enric Valor
03400,instituto,Instituto de Educación Secundaria Hermanos Amorós
46470,instituto,Institut d'Educació Secundària Massanassa
46183,instituto,Institut d'Educació Secundària La Vereda
46240,instituto,Institut d'Educació Secundària Nou d'Octubre
36800,instituto,Instituto de Educación Secundaria Mendiño
46680,instituto,Institut d'Educació Secundària Bernat Guinovart
15011,instituto,Instituto de Educación Secundaria Rafael Dieste
46540,instituto,Institu de Educació Secundària El Puig
32001,instituto,Instituto de Educación Secundaria Blanco Amor
46300,instituto,Instituto de Educación Secundaria Miguel Ballesteros Viana
43800,instituto,Institut Narcís Oller
15110,instituto,Instituto de Educación Secundaria Eduardo Pondal
15106,instituto,Instituto de Educación Secundaria Monte Neme
15100,instituto,Instituto de Educación Secundaria Alfredo Brañas
15100,instituto,Instituto de Educación Secundaria Isidro Parga Pondal
03590,instituto,Institut d'Educació Secundària Altaia
03590,instituto,Institut d'Educació Secundària Bellaguarda
15121,instituto,Instituto de Educación Secundaria Plurilingüe Pedra da Aguia
15124,instituto,Instituto de Educación Secundaria Ramón Caamaño
15129,instituto,Instituto de Educación Secundaria Terra de Soneira
12598,instituto,Institut d'Educació Secundària Alfred Ayza
03730,instituto,Institut d'Educació Secundària Antoni Llidó
46134,instituto,Institut Educació Secundària Escultor en Francesc Badia
15300,instituto,Instituto de Ensino Secundario Francisco Aguiar
15330,instituto,Instituto de Educación Secundaria de Ortigueira
46450,instituto,Institut d'Educació Secundària Enric Soler i Godes
15113,instituto,Instituto de Educación Secundaria Urbano Lugrís
46250,instituto,Institut d'Educació Secundària Els Évols
46701,instituto,Institut d'Educació Secundària Tirant Lo Blanc
03650,instituto,Institut d'Educació Secundària José Marhuenda Prats
15830,instituto,Instituto de Ensino Secundario Xulián Magariños
46900,instituto,Institut d'Educació Secundària Marxadella
46113,instituto,Institut d'Educació Secundària Obligatòria la Garrigosa
46910,instituto,Institut d'Educació Secundària Obligatòria 25 d'Abril
43205,instituto,Institut Josep Tapiró
43440,instituto,Institut Joan Amigó i Callau
43764,instituto,Institut Escola l'Agulla
46800,instituto,Institut d'Educació Secundària Josep de Ribera
46130,instituto,Institut d'Educació Secundària de Massamagrell
43870,instituto,Institut de Tecnificació
43560,instituto,Institut de la Sénia
36650,instituto,Instituto de Educación Secundaria Aquis Celenis
36003,instituto,Instituto de Educación Secundaria Gonzalo Torrente Ballester
15841,instituto,Instituto de Educación Secundaria Terra do Xallas
43880,instituto,Institut Escola Coma-ruga
46014,instituto,"Institut d'Educació Secundària Patraix, Vicenta Ferrer Escrivá"
12580,instituto,Institut d'Educació Secundària Joan Coromines
46960,instituto,Institut d'Educació Secundàia Beatriu Civera
03293,instituto,Institut d'Educació Secundària Periodista Vicente Verdú
36911,instituto,Instituto de Educación Secundaria Chan do Monte
46910,instituto,Institut d'Educació Secudària Maria Carbonell i Sánchez
15142,instituto,Instituto de Educación Secundaria Manuel Murguía
03730,instituto,Institut d'Educació Secundària La Mar
46160,instituto,Institut d'Educació Secundària Camp de Túria
43204,instituto,Institut Escola Pi Del Burgar
27260,instituto,Instituto de Educación Secundaria da Terra Chá José Trapero Pardo
43360,instituto,Institut Escola Corbatera
46713,instituto,Institut d'Educació Secundària Joan Fuster
46850,instituto,Institut d'Educació Secundària Vermellar
43350,instituto,Institut Fontanelles
43007,instituto,Institut Escola l'Arrabassada
46702,instituto,Institut d'Educació Secundària Ausiàs March
03190,instituto,Instituto de Educación Secundaria Thiar
32550,instituto,Instituto de Ensino Secundario Carlos Casares
46008,instituto,Institut d'Educació Secundària Abastos
46015,instituto,Institut d'Educació Secundària Conselleria
03183,instituto,Sección del Instituto de Educación Secundaria Torrevigía
36500,instituto,Instituto de Educación Secundaria Laxeiro
46230,instituto,Institut d'Educació Secundària Hort de Feliu
46610,instituto,Institut d'Educació Secundària Didín Puig
46220,instituto,Institut d'Educació Secundària l'Om
12170,instituto,Institut d'Educació Secundària Maestrat (Sant Mateu)
03727,instituto,Secció d'Educació Secundària de l'Institut d'Educació Secundària Josep Iborra a Xaló
27002,instituto,Instituto de Educación Secundaria San Xillao
36320,instituto,Instituto de Educación Secundaria de Chapela
43800,instituto,Institut Serra de Miramar
43800,instituto,Institut Jaume Huguet
43120,instituto,Institut Constantí
15145,instituto,Instituto de Educación Secundaria Agra de Leborís
46138,instituto,Institut d'Educació Secundària Rafelbunyol
15570,instituto,Instituto de Educación Secundaria As Telleiras
15200,instituto,Instituto de Ensino Secundario Campo de San Alberto
15259,instituto,Instituto de Educación Secundaria As Insuas
15259,instituto,Instituto de Ensino Secundario Plurilingüe Fontexería
15160,instituto,Instituto de Educación Secundaria Isaac Díaz Pardo
36780,instituto,Instituto de Educación Secundaria A Sangriña
30001,instituto,Instituto de Educación Secundaria Licenciado Francisco Cascales
03184,instituto,Instituto de Enseñanza Secundaria nº5
03183,instituto,Instituto Público Libertas Número 1
15220,instituto,Instituto de Educación Secundaria Plurilingüe de Ames
30203,universidad,"Escuela Técnica Superior de Ingeniería de Caminos, Canales y Puertos y de Ingeniería de Minas"
30203,universidad,Escuela Técnica Superior de Ingeniería Naval y Oceánica
30320,universidad,Centro de Desarrollo e Innovación Tecnológica
30203,universidad,"CRAI, Sala 2"
30202,universidad,Escuela Técnica Superior de Ingeniería Industrial
30202,universidad,Escuela Técnica Superior de Ingeniería de Telecomunicaciones - UPCT
30202,universidad,Rectorado UPCT
15011,universidad,Normal - Espazo de Intervención Cultural - UDC
46600,universidad,UNED Sede de Alzira
46003,universidad,Universidad CEU-UCH - Palacio de Colomina
46003,universidad,Facultad de Teología San Vicente Ferrer
46012,universidad,Universidad Popular - Pinedo
03203,universidad,Universidad CEU Cardenal Herrera
32004,universidad,Facultade de Ciencias
46010,universidad,Universidad Europea de Valencia
03700,universidad,UNED
46002,universidad,Universidad Internacional de Valencia
15402,universidad,UNED
46003,universidad,Institut Interuniversitari López Piñero
43800,universidad,Campus Extens de la Universitat Rovira i Virgili (URV) a Valls
03005,universidad,Conservatorio Superior de Música Óscar Esplá
46730,universidad,Escola Politècnica Superior de Gandia
36331,universidad,Estación de Ciencias Mariñas de Toralla
12071,universidad,Universitat Jaume I
36310,universidad,Escola Técnica Superior de Enxeñeiros de Minas
36310,universidad,Campus Universitario das Lagoas-Marcosende
36200,universidad,Facultade de Filoloxía e Tradución
15782,universidad,Facultade de Ciencias Económicas e Empresariais
43002,universidad,Universitat Rovira i Virgili - Campus Catalunya
30202,universidad,Edificio de Laboratorios de Investigación
43480,universidad,Facultat de Turisme i Geografia (URV)
30100,universidad,ESAMUR
30100,universidad,Parque Científico de Murcia
15011,universidad,Escola Técnica Superior de Náutica e Máquinas - UDC
15008,universidad,Campus A Coruña - Elviña - UDC
15008,universidad,Campus A Coruña - Zapateira - UDC
15011,universidad,UNED-EPA da Coruña
03801,universidad,Escola Politècnica Superior d'Alcoi
15782,universidad,Facultade de Medicina
27002,universidad,Aula Produtos Lácteos
27002,universidad,Facultade de Formación do Profesorado
15403,universidad,Campus Industrial de Ferrol
36310,universidad,Centro de Apoio Científico e Tecnolóxico á Investigación (CACTI)
15405,universidad,Campus Ferrol - Serantes - UDC
15179,universidad,Facultade de Ciencias do Deporte e a Educación Física - UDC
15179,universidad,Instituto Universitario de Medio Ambiente
36208,universidad,Escola de Enxeñería Industrial
36208,universidad,Escola Universitaria de Estudos Empresariais
46800,universidad,Campus de la Costera UCV
30107,universidad,UCAM - Universidad Católica San Antonio de Murcia
46100,universidad,Universidad Católica de Valencia - Sede Padre Jofre
15007,universidad,UIE Universidade - Campus da Coruña
27002,universidad,Campus Terra
46022,universidad,Campus de Vera de la Universitat Politècnica de València
